run,run_id,step_key,training_step,val/avg_group_performance_post_filter,val/avg_group_performance_pre_filter,scores,val/sequence_lengths,tools/aggregate/avg_calls_per_rollout,tools/aggregate/failure_rate,debug/dppo_mask_frac_kept,debug/vllm_vs_local_logprob_diff_mean,debug/vllm_local_reverse_kl,debug/vllm_vs_local_logprob_diff_max,debug/vllm_vs_local_logprob_diff_std
production-dppo,cfb5az1a,training_step,1,0.3802083432674408,0.3802083432674408,0.5703125,12913.5,29.44140625,0.0006633939337916672,0.9999705754703702,0.008355643571121618,0.0001679740460076573,0.4599391594529152,0.021699771983549
production-dppo,cfb5az1a,training_step,2,0.3173076808452606,0.3173076808452606,0.515625,9284.3359375,19.5078125,0.007408890873193741,0.9999693575142106,0.006327288703687373,3.736379434826631e-05,0.5171417221426964,0.02007465361384675
production-dppo,cfb5az1a,training_step,3,0.33906251192092896,0.33906251192092896,0.72265625,8689.15234375,25.94921875,0.000602137588430196,0.9999763768942378,0.0067366329894866794,9.828477840301275e-05,0.3574821949005127,0.01897849456872791
production-dppo,cfb5az1a,training_step,4,0.3671875,0.3671875,0.609375,10651.16796875,25.72265625,0.0004555808554869145,0.9999414009560949,0.00734332567662932,4.917049045616295e-05,0.4623435027897358,0.02160249906592071
production-dppo,cfb5az1a,training_step,5,0.5286458134651184,0.5286458134651184,0.54296875,12362.3671875,22.6328125,0.0017259233864024282,0.9998796719101214,0.007402884133625776,1.991737647166758e-05,0.38191672042012215,0.019601081148721278
production-dppo,cfb5az1a,training_step,6,0.45588234066963196,0.45588234066963196,0.71875,13097.4765625,29.01171875,0.0008078631944954395,0.9999250215573531,0.005821042635943741,0.00011570338418209758,0.46348923444747925,0.018639306304976344
production-dppo,cfb5az1a,training_step,7,0.24835526943206787,0.24835526943206787,0.58984375,16210.04296875,33.60546875,0.0005811926093883812,0.9994730568280764,0.009991232887841761,-1.8681888267479962e-05,0.6111463010311127,0.027060282416641712
production-dppo,cfb5az1a,training_step,8,0.2586805522441864,0.2586805522441864,0.58203125,12725.23828125,32.640625,0.00023934897035360336,0.9995407900195606,0.008048453164519742,-2.655235056181482e-05,0.652480024844408,0.02537894935812801
production-dppo,cfb5az1a,training_step,9,0.19901315867900848,0.19901315867900848,0.34765625,22298.296875,37.83984375,0.003819552017375827,0.9995202672613319,0.008232756110373884,0.00037660258885807707,0.5013670027256012,0.023962538107298315
production-dppo,cfb5az1a,training_step,10,0.453125,0.453125,0.4296875,16968.65625,39.05078125,0.0037011103704571724,0.9996563736401449,0.010871618724195287,0.0003087431771291449,0.7944237440824509,0.02972989424597472
production-dppo,cfb5az1a,training_step,11,0.4756944477558136,0.4756944477558136,0.6953125,12896.64453125,28.69921875,0.0006805498851463199,0.9998884479955672,0.00855434124241583,-8.579731314739547e-06,0.4940982386469841,0.023269290220923722
production-dppo,cfb5az1a,training_step,12,0.3014705777168274,0.3014705777168274,0.640625,16606.69921875,30.734375,0.0034316217061132193,0.9995164882267736,0.011704338219715282,0.00015253341894094774,0.4838339388370514,0.028960372204892337
production-dppo,cfb5az1a,training_step,13,0.4302884638309479,0.4302884638309479,0.69921875,9869.6875,21.55859375,0.0039862291887402534,0.9997811424531389,0.008698791149072349,-0.00018106995298694528,0.5790423452854156,0.027784799225628376
production-dppo,cfb5az1a,training_step,14,0.3920454680919647,0.3920454680919647,0.5390625,15722.953125,32.25,0.0009689922444522381,0.9990455953410518,0.01345407182816416,1.4385338758415855e-05,0.5584627315402031,0.03219408984296024
production-dppo,cfb5az1a,training_step,15,0.4749999940395355,0.4749999940395355,0.59375,8249.73046875,22.6015625,0.003283788450062275,0.9995349320804588,0.010900877852691337,-4.2275800126390095e-05,0.6568700894713402,0.03158720280043781
production-dppo,cfb5az1a,training_step,16,0.29326921701431274,0.29326921701431274,0.4765625,21404.6171875,36.89453125,0.0013763896422460675,0.999569557172704,0.009142098715528846,0.0003762222595184994,0.5979526154696941,0.027496084687300026
production-dppo,cfb5az1a,training_step,17,0.5,0.5,0.625,10375.6875,21.2734375,0.0007344839978031814,0.999482281346278,0.010463299375260249,4.8390418101007526e-05,0.5378593616187572,0.02685395546723157
production-dppo,cfb5az1a,training_step,18,0.5681818127632141,0.5681818127632141,0.6875,15827.3203125,25.0703125,0.0018697413615882397,0.9996429650906358,0.011833527911221609,0.00010175447314964003,0.5332783311605453,0.029106170986779034
production-dppo,cfb5az1a,training_step,19,0.349702388048172,0.349702388048172,0.66796875,13759.86328125,24.62890625,0.006026962772011757,0.9999328884899249,0.010002353898016736,9.586605733602482e-05,0.7781159654259682,0.028771249344572425
production-dppo,cfb5az1a,training_step,20,0.4545454680919647,0.4545454680919647,0.5,20439.5859375,34.859375,0.006275212857872248,0.9999287784372819,0.008690678863786161,0.0001194331844089902,0.523892231285572,0.023113431059755385
production-dppo,cfb5az1a,training_step,21,0.6696428656578064,0.6696428656578064,0.671875,9687.41015625,21.85546875,0.002502234186977148,0.9999188635060969,0.009585925261490047,0.00022362977745160606,0.47415146604180336,0.024837826960720122
production-dppo,cfb5az1a,training_step,22,0.4791666567325592,0.4791666567325592,0.59375,18357.40625,28.43359375,0.0008242890471592546,0.9999305570257082,0.007345486345002428,0.00016652689157581335,0.5873216688632965,0.022667610261123627
production-dppo,cfb5az1a,training_step,23,0.3100961446762085,0.3100961446762085,0.50390625,14270.96875,33.4765625,0.000933488889131695,0.9998848632370341,0.010548189660767093,0.0003445639594019667,0.9298244379460812,0.030363655416294932
production-dppo,cfb5az1a,training_step,24,0.38486841320991516,0.38486841320991516,0.7890625,15592.9609375,24.08203125,0.003081914037466049,0.9998923825196319,0.011598964454606175,0.0004120159246667754,0.50216044485569,0.029195178882218897
production-dppo,cfb5az1a,training_step,25,0.5477941036224365,0.5477941036224365,0.6640625,16805.0859375,32.0859375,0.0012174336006864905,0.999867761393289,0.013651804270921275,0.0006345448764477624,0.6720037385821342,0.03257116989698261
production-dppo,cfb5az1a,training_step,26,0.3258928656578064,0.3258928656578064,0.5703125,19895.48828125,28.5703125,0.0010937927290797234,0.9999009359215457,0.0061923875764478,0.00012608629339183608,0.5295707918703556,0.020863447221927345
production-dppo,cfb5az1a,training_step,27,0.4754464328289032,0.4754464328289032,0.58203125,13350.46875,27.59765625,0.002972399117425084,0.9998830232971103,0.010047308140201494,6.361321482017956e-05,0.7681936360895634,0.02818978892173618
production-dppo,cfb5az1a,training_step,28,0.38701921701431274,0.38701921701431274,0.50390625,20340.55859375,35.25390625,0.003545706393197179,0.9998952385173089,0.00914815577561967,6.44918764862723e-05,0.45243219658732414,0.025205836864188313
production-dppo,cfb5az1a,training_step,29,0.47159090638160706,0.47159090638160706,0.5234375,16358.62109375,22.90625,0.004604365676641464,0.9999178494765547,0.009461042645853013,-1.4919020145498507e-05,0.5035945698618889,0.026083047385327518
production-dppo,cfb5az1a,training_step,30,0.4399038553237915,0.4399038553237915,0.71484375,10488.56640625,19.12109375,0.0010214505018666387,0.9998675214036736,0.009809103852603585,-0.00016881958981684875,0.5048315972089767,0.027277655201032758
production-dppo,cfb5az1a,training_step,31,0.29326921701431274,0.29326921701431274,0.4765625,10492.67578125,23.609375,0.0038054268807172775,0.9998996864660441,0.01083986257435754,2.995699185248668e-05,0.5228016898036003,0.027908811694942415
production-dppo,cfb5az1a,training_step,32,0.3504464328289032,0.3504464328289032,0.61328125,13541.25390625,25.7890625,0.004392608068883419,0.9998802476039177,0.011184969858732074,-0.00015558456152575673,0.8469460494816303,0.033510760054923594
production-dppo,cfb5az1a,training_step,33,0.5028409361839294,0.5028409361839294,0.69140625,7265.2890625,15.79296875,0.002226069802418351,0.9998434730349748,0.009697645320557058,-3.685771571326768e-05,0.5320176109671593,0.026134237181395292
production-dppo,cfb5az1a,training_step,34,0.5833333134651184,0.5833333134651184,0.65625,14706.12109375,27.73828125,0.0011266019428148866,0.9999273699141147,0.009453851671423763,-0.00017607726965707116,0.46643921732902527,0.0233012082753703
production-dppo,cfb5az1a,training_step,35,0.5959821343421936,0.5959821343421936,0.91796875,12529.74609375,27.640625,0.0009892594534903765,0.999925757498448,0.009763217181898654,-0.00014945112114617132,0.7392917275428772,0.027515670051798224
production-dppo,cfb5az1a,training_step,36,0.35624998807907104,0.35624998807907104,0.54296875,21242.91796875,35.18359375,0.0005551237845793366,0.9999149251077494,0.008773249894147739,-0.00028354899114901855,0.43986688554286957,0.023264324059709907
production-dppo,cfb5az1a,training_step,37,0.6057692170143127,0.6057692170143127,0.734375,9832.546875,25.00390625,0.004374316427856684,0.9999150902172013,0.010221742413705215,-0.00025071819715094534,0.37762250006198883,0.02507912612054497
production-dppo,cfb5az1a,training_step,38,0.4801136255264282,0.4801136255264282,0.41015625,17605.3125,27.0078125,0.008388776332139969,0.9999323406893498,0.00900545745389536,-0.0002626304155342041,0.47979268431663513,0.023852501763030887
production-dppo,cfb5az1a,training_step,39,0.5602678656578064,0.5602678656578064,0.73046875,15598.6484375,26.6328125,0.004400117322802544,0.9999121097547472,0.007822663377737626,-0.00014109657945482468,0.5443575829267502,0.024986884789541364
production-dppo,cfb5az1a,training_step,40,0.44951921701431274,0.44951921701431274,0.73046875,17428.5234375,27.90234375,0.0020999580156058073,0.999915548581197,0.008112286479445174,-0.0002302570776464563,0.5522266663610935,0.024244793341495097
production-dppo,cfb5az1a,training_step,41,0.5568181872367859,0.5568181872367859,0.765625,12114.89453125,23.8671875,0.0006546644726768136,0.9999139295747832,0.011881824844749644,-0.0002991394969740213,0.49054572358727455,0.02940946421585977
production-dppo,cfb5az1a,training_step,42,0.4464285671710968,0.4464285671710968,0.65625,14775.23046875,30.13671875,0.0016850291285663843,0.999933767581431,0.009179956978186965,-0.0001576943745931203,0.4185812696814537,0.023034275276586413
production-dppo,cfb5az1a,training_step,43,0.78125,0.78125,0.7265625,14153.234375,26.37109375,0.00014812620065640658,0.9999468741123742,0.010823427350260317,-0.00033255130483667017,0.40897706151008606,0.024959746282547712
production-dppo,cfb5az1a,training_step,44,0.33639705181121826,0.33639705181121826,0.46484375,17458.6796875,31.625,0.002223320072516799,0.9999193126198731,0.008602118556154892,-0.0002581123098934768,0.6253317818045616,0.026461538509465754
production-dppo,cfb5az1a,training_step,45,0.5979166626930237,0.5979166626930237,0.87109375,10146.09765625,22.06640625,0.0014161798171699047,0.9999521896500863,0.010677075013518333,-0.00037569960977634764,0.48802652209997177,0.026270307484082878
production-dppo,cfb5az1a,training_step,46,0.4959239065647125,0.4959239065647125,0.67578125,12512.9765625,26.1171875,0.0035895900800824165,0.9999311638338448,0.011360988457454368,-0.000618193583250104,0.557905912399292,0.029090217663906515
production-dppo,cfb5az1a,training_step,47,0.535937488079071,0.535937488079071,0.71484375,20898.48046875,35.6328125,0.00032887523411773145,0.9999398957240563,0.011317200522171333,-0.00025797152295581327,0.5744432434439659,0.028134155552834272
production-dppo,cfb5az1a,training_step,48,0.43149039149284363,0.43149039149284363,0.52734375,17338.5703125,32,0.0030517578125,0.9999233395056006,0.008374091659788974,-0.0001540942756861341,0.44736555218696594,0.022938653477467597
production-dppo,cfb5az1a,training_step,49,0.6746323704719543,0.6746323704719543,0.80859375,10278.5,22.62890625,0.002416709903627634,0.9999406181463187,0.007559477089671418,-0.00015596002094753203,0.5024799481034279,0.02404291578568518
production-dppo,cfb5az1a,training_step,50,0.345703125,0.345703125,0.56640625,17170.0234375,29.8828125,0.004183006472885609,0.9999315072705279,0.009207792609231547,-0.00028316256953075936,0.4863126650452614,0.02479767974000424
production-dppo,cfb5az1a,training_step,51,0.5,0.5,0.6875,10813.0625,21.42578125,0.0014585232129320502,0.9998821608807834,0.009209167707012966,-0.00022521921698626102,0.6133125498890877,0.026058778748847544
production-dppo,cfb5az1a,training_step,52,0.3333333432674408,0.3333333432674408,0.75,8499.30859375,19.4375,0.0010048231342807412,0.9999052161596568,0.010202203033259138,-9.89614511581749e-06,0.43634231202304363,0.025519526680000126
production-dppo,cfb5az1a,training_step,53,0.3020833432674408,0.3020833432674408,0.453125,9818.3515625,17.52734375,0.00824604369699955,0.9999196199259536,0.011931417946470901,-2.2362675906606455e-05,0.6142831966280937,0.029196670278906822
production-dppo,cfb5az1a,training_step,54,0.4869791567325592,0.4869791567325592,0.73046875,14202.421875,24.18359375,0.000161524789291434,0.9999004437951136,0.007564718835055828,2.967668290665415e-06,0.4165031909942627,0.02255917328875512
production-dppo,cfb5az1a,training_step,55,0.4079861044883728,0.4079861044883728,0.66796875,12853.94140625,27.98046875,0.0002792126324493438,0.9999260128440153,0.011219217733014375,-8.643074068004353e-05,0.4503968581557274,0.028800509753637016
production-dppo,cfb5az1a,training_step,56,0.3854166567325592,0.3854166567325592,0.4921875,17248.81640625,30.078125,0.0031168831046670675,0.9999249969789508,0.008197030052542686,5.298731731784301e-05,0.474541999399662,0.022989889374002814
production-dppo,cfb5az1a,training_step,57,0.4348958432674408,0.4348958432674408,0.52734375,17464.45703125,32.421875,0.0030120480805635452,0.9999289735558085,0.007023990954621695,0.00012554115022567203,0.46805625408887863,0.020308817154727876
production-dppo,cfb5az1a,training_step,58,0.5520833134651184,0.5520833134651184,0.578125,18012.6640625,25.4140625,0.003381493967026472,0.9998997369014151,0.00847219384741038,0.00023480640948037035,0.598310224711895,0.024655503570102155
production-dppo,cfb5az1a,training_step,59,0.26953125,0.26953125,0.4140625,18822.84765625,36.8203125,0.0058349245227873325,0.9999033174174149,0.00892709571053274,0.000285325847016793,0.5383340492844582,0.023725071572698653
production-dppo,cfb5az1a,training_step,60,0.29567307233810425,0.29567307233810425,0.48046875,15393.2109375,25.76953125,0.002728512976318598,0.9998954621346449,0.009111171326367185,0.00027888936801900854,0.5384606495499611,0.024950083694420755
production-dppo,cfb5az1a,training_step,61,0.503125011920929,0.503125011920929,0.62890625,12261.48046875,22.921875,0.0022154056932777166,0.9999068189166387,0.008827171695884317,0.00028279451180424076,0.5033200532197952,0.024033620255067945
production-dppo,cfb5az1a,training_step,62,0.4635416567325592,0.4635416567325592,0.6953125,14315.76171875,23.64453125,0.0019824879709631205,0.9999217406547566,0.007160616834880784,0.00024197787524826708,0.43775153160095215,0.020873942878097296
production-dppo,cfb5az1a,training_step,63,0.4196428656578064,0.4196428656578064,0.734375,10186.52734375,25.39453125,0.00015382248966488987,0.9998667442626019,0.009007576067233458,0.00033007319098032895,0.456631351262331,0.02470114396419376
production-dppo,cfb5az1a,training_step,64,0.5892857313156128,0.5892857313156128,0.65625,12300.74609375,25.8125,0.0010593220358714461,0.9998766281190381,0.011239144107094035,0.0005217901707510464,0.7080203592777252,0.029661972541362047
production-dppo,cfb5az1a,training_step,65,0.1672794073820114,0.1672794073820114,0.35546875,12802.27734375,29.46875,0.004639448598027229,0.9998734495425841,0.013373522378969938,0.000659005807392532,0.48049668222665787,0.030140050337649882
production-dppo,cfb5az1a,training_step,66,0.71875,0.71875,0.73828125,9959.9375,18.1640625,0.0021505376789718866,0.9998817838942484,0.010873384861042723,0.0005539881603908725,0.5624333843588829,0.02682274451944977
production-dppo,cfb5az1a,training_step,67,0.5895833373069763,0.5895833373069763,0.60546875,13248.265625,24.6953125,0,0.9999299356154867,0.010834269603947178,0.00047126964545896044,0.5101089775562286,0.027490655309520662
production-dppo,cfb5az1a,training_step,68,0.5697115659713745,0.5697115659713745,0.67578125,16994.38671875,26.7734375,0.0027721039950847626,0.9999168797651202,0.007764325622702017,0.0003750896657948033,0.40199117362499237,0.02029522869270295
production-dppo,cfb5az1a,training_step,69,0.6484375,0.6484375,0.6484375,11283.93359375,23.4453125,0.002332555828616023,0.9998889740152707,0.011205217684619129,0.0004359492399998999,0.5517522767186165,0.029014045954681933
production-dppo,cfb5az1a,training_step,70,0.5198863744735718,0.5198863744735718,0.71484375,14867.82421875,24.16796875,0.0017779214540496469,0.999890374504872,0.009998035500757396,0.0003648051970230881,0.5115987546741962,0.02730610128492117
production-dppo,cfb5az1a,training_step,71,0.2879464328289032,0.2879464328289032,0.37890625,15089.859375,26.4765625,0.0008852168684825301,0.9998226439151161,0.013252763426862657,0.0003628850718087051,0.5572768934071064,0.03112654748838395
production-dppo,cfb5az1a,training_step,72,0.5426136255264282,0.5426136255264282,0.74609375,13062.63671875,22.46875,0.0022600835654884577,0.9997900922736671,0.012408263544784859,0.00033004103909206606,0.5616979598999023,0.03110596991609782
production-dppo,cfb5az1a,training_step,73,0.4166666567325592,0.4166666567325592,0.65625,16215.55078125,23.078125,0.0038930263835936785,0.9999033096966081,0.0111172417527996,0.00019417211024119752,0.540361575782299,0.02758786070626229
production-dppo,cfb5az1a,training_step,74,0.5104166865348816,0.5104166865348816,0.6484375,12902.08984375,25.796875,0.0021199272014200687,0.9999029266200691,0.009307440530392341,0.0002069899846901535,0.48655278980731964,0.023518666857853532
production-dppo,cfb5az1a,training_step,75,0.55027174949646,0.55027174949646,0.70703125,12332.4296875,26.09765625,0.000748390972148627,0.9999340596429721,0.011551195580977947,0.00042886466439995274,0.534574780613184,0.02779322536662221
production-dppo,cfb5az1a,training_step,76,0.4359374940395355,0.4359374940395355,0.58984375,13723.36328125,26.23046875,0.00223380490206182,0.9998952770432571,0.010140701109776273,0.000326592970168349,0.46878066286444664,0.026804906083270907
production-dppo,cfb5az1a,training_step,77,0.5753676295280457,0.5753676295280457,0.72265625,14513.75,26.66796875,0.004980225581675768,0.9998900114171391,0.008497690956573933,0.00015398852758607973,0.4866471514105797,0.022270308225415647
production-dppo,cfb5az1a,training_step,78,0.5602678656578064,0.5602678656578064,0.73046875,16466.92578125,29.31640625,0.0005329780397005379,0.9999152630254241,0.009704826079541817,0.00027998034749998624,0.5411999598145485,0.02559059695340693
production-dppo,cfb5az1a,training_step,79,0.537109375,0.537109375,0.69921875,13362.265625,25.23046875,0.0012385818408802152,0.9999259941583043,0.010659542138455436,4.9695214386247244e-05,0.5057707577943802,0.02741226542275399
production-dppo,cfb5az1a,training_step,80,0.4209558963775635,0.4209558963775635,0.39453125,15325.3828125,26.265625,0.0034205829724669456,0.9999383924901889,0.007434310973621905,8.63971944795594e-05,0.44180067628622055,0.020894963527098298
production-dppo,cfb5az1a,training_step,81,0.337890625,0.337890625,0.55078125,11579.05078125,24.2734375,0.0053105889819562435,0.9999260733914381,0.010084468580316752,0.0002510047452233266,0.4176255725324154,0.02501637872774154
production-dppo,cfb5az1a,training_step,82,0.5200892686843872,0.5200892686843872,0.66015625,12979.64453125,20.2421875,0.007912003435194492,0.999910964114967,0.011557281628483906,0.0001916200585583283,0.6828597113490105,0.029544747434556484
production-dppo,cfb5az1a,training_step,83,0.47265625,0.47265625,0.6953125,14745.6640625,20.52734375,0.004757374059408903,0.999884100330057,0.01266341147129424,-0.0001994047820517153,0.7148272320628166,0.029111492331139743
production-dppo,cfb5az1a,training_step,84,0.63671875,0.63671875,0.63671875,10915.92578125,18.765625,0.00020815986499655992,0.9997855760927131,0.010614419996272773,-0.0004492829175433144,0.7086194381117821,0.03058141504880041
production-dppo,cfb5az1a,training_step,85,0.6302083134651184,0.6302083134651184,0.6953125,13388.4140625,21.48046875,0.0010911074932664633,0.9998933161141168,0.008217683818656951,-0.0004630069570339401,0.4085478335618973,0.022205803194083273
production-dppo,cfb5az1a,training_step,86,0.6383928656578064,0.6383928656578064,0.7421875,11501.76171875,23.6875,0.0019788919016718864,0.9999168674032869,0.011595826712436974,-0.0006064140115995542,0.534502424299717,0.0287508083274588
production-dppo,cfb5az1a,training_step,87,0.6160714030265808,0.6160714030265808,0.6171875,16591.12890625,24.22265625,0.0012901144800707698,0.9999072999542722,0.010742274345830083,-0.00037148707633605227,0.5891969874501228,0.025588619173504412
production-dppo,cfb5az1a,training_step,88,0.451171875,0.451171875,0.52734375,14617.05078125,24.4140625,0.0009599999757483602,0.9999203014835403,0.011481370020192116,-9.57492514430669e-05,0.4444063976407051,0.026005409890785813
production-dppo,cfb5az1a,training_step,89,0.5953124761581421,0.5953124761581421,0.61328125,22419.03125,32.16015625,0.003036560257896781,0.9999294536927675,0.012176683667348698,-7.737629958626258e-05,0.49613965302705765,0.027693982585333288
production-dppo,cfb5az1a,training_step,90,0.5406249761581421,0.5406249761581421,0.7265625,19074.2421875,25.2421875,0.0038687712512910366,0.9999211522459515,0.01137130503775552,4.4770865137877536e-05,0.48596668243408203,0.027449662215076387
production-dppo,cfb5az1a,training_step,91,0.5817307829856873,0.5817307829856873,0.765625,15221.8203125,25.5234375,0.0032139576505869627,0.9999246059603978,0.010718470497522503,-0.00022617736379970665,0.4310987964272499,0.025241202674806118
production-dppo,cfb5az1a,training_step,92,0.5625,0.5625,0.578125,17612.2578125,30.5703125,0.0005111168138682842,0.9998990287121264,0.00900037624523975,-0.0002823288996296469,0.46755703911185265,0.022820633137598634
production-dppo,cfb5az1a,training_step,93,0.6672794222831726,0.6672794222831726,0.79296875,13173.4453125,21.31640625,0.0003665017429739237,0.9998923931566374,0.011590890091611072,-0.0003559723863872932,0.49087123945355415,0.02794229530263692
production-dppo,cfb5az1a,training_step,94,0.809374988079071,0.809374988079071,0.76171875,12011.6328125,19.65234375,0.00019876763690263033,0.9998950591557285,0.011881759157404304,-0.0006624611432926031,0.5688285008072853,0.030043167411349714
production-dppo,cfb5az1a,training_step,95,0.564338207244873,0.564338207244873,0.57421875,15744.0625,26.69921875,0.0007315289112739265,0.9998764239902832,0.010259381786454469,-0.0004713140656349424,0.5343068391084671,0.02889204560779035
production-dppo,cfb5az1a,training_step,96,0.3975694477558136,0.3975694477558136,0.64453125,18041.41796875,26.6171875,0.0005870267050340772,0.9998765400489069,0.010989682748913765,-0.00012090772429473873,0.5067624822258949,0.027534735156223178
production-dppo,cfb5az1a,training_step,97,0.6333333253860474,0.6333333253860474,0.6875,14058.6015625,21.31640625,0.0012827561004087329,0.9999265903007587,0.009902238962240517,4.602488758109757e-06,0.5028127506375313,0.02510262036230415
production-dppo,cfb5az1a,training_step,98,0.59765625,0.59765625,0.5703125,18135.2578125,28.54296875,0.001915970933623612,0.999908711963578,0.012129353068303317,-0.00017422668673816588,0.47125014662742615,0.027386339264921844
production-dppo,cfb5az1a,training_step,99,0.5708333253860474,0.5708333253860474,0.8203125,16251.3359375,25.0546875,0.0006236357730813324,0.9999229021239474,0.008613554644398391,-0.0003136466314686004,0.4152143970131874,0.023936184821650386
production-dppo,cfb5az1a,training_step,100,0.5833333134651184,0.5833333134651184,0.59375,20266.4609375,29.23828125,0.0018704074900597334,0.9999018206293419,0.012401594198308885,-0.0007644753027307161,0.517135351896286,0.029256012989208102
production-dppo,cfb5az1a,training_step,101,0.5145833492279053,0.5145833492279053,0.71484375,17383.16015625,24.4609375,0.0023954007774591446,0.9998915993058699,0.01121253689052537,-0.0006771793136977067,0.6108622401952744,0.029550658422522247
production-dppo,cfb5az1a,training_step,102,0.539402186870575,0.539402186870575,0.55078125,14863.03125,21.2734375,0.000918105011805892,0.9998839327206195,0.0110000359127298,-0.0004815886388769286,0.5291060209274292,0.027566003263927996
production-dppo,cfb5az1a,training_step,103,0.5504807829856873,0.5504807829856873,0.76953125,16809.44140625,26.53125,0.0020612485241144896,0.999798288916873,0.01243930184864439,-0.00036628840780394967,0.496958963572979,0.029053088859654963
production-dppo,cfb5az1a,training_step,104,0.6604166626930237,0.6604166626930237,0.61328125,14342.5546875,22.0234375,0.003369989339262247,0.9999013068111343,0.008845986594678834,-2.4086303028525435e-05,0.5553727895021439,0.026065202546305954
production-dppo,cfb5az1a,training_step,105,0.6036184430122375,0.6036184430122375,0.68359375,15947.9140625,27.70703125,0.0012688565766438842,0.9998539762629156,0.01105875252687838,0.00048323592091037426,0.6011672727763653,0.027954334393143654
production-dppo,cfb5az1a,training_step,106,0.8083333373069763,0.8083333373069763,0.765625,13586.46484375,18.140625,0.0015073212562128901,0.9998518695233247,0.009296447213273495,0.0006421609577955678,0.5382086858153343,0.026526952628046274
production-dppo,cfb5az1a,training_step,107,0.6850961446762085,0.6850961446762085,0.73828125,16955.13671875,27.8671875,0.001121390494517982,0.999891590370149,0.010554324893746525,0.0003983151104876015,0.49668680131435394,0.02694024797528982
production-dppo,cfb5az1a,training_step,108,0.6026785969734192,0.6026785969734192,0.70703125,17048.625,27.4765625,0.001279499614611268,0.9999088339447904,0.009269685135222971,-3.688744584451342e-05,0.4798467457294464,0.024658514303155243
production-dppo,cfb5az1a,training_step,109,0.6778846383094788,0.6778846383094788,0.828125,14381.9296875,19.98828125,0.0015634160954505205,0.9998941074786221,0.0071871775144245476,0.00013917152570286362,0.3799046501517296,0.021505796466954052
production-dppo,cfb5az1a,training_step,110,0.6378676295280457,0.6378676295280457,0.60546875,16497.69921875,28.890625,0.0016224986175075173,0.9998837884444214,0.011892656213603914,0.00047098919276322704,0.42836877703666687,0.025406633270904422
production-dppo,cfb5az1a,training_step,111,0.5531250238418579,0.5531250238418579,0.5078125,22125.94921875,27.5,0.0025568180717527866,0.9999040117205121,0.010632543795509264,0.0006465054830187,0.5153256859630346,0.025932767312042415
production-dppo,cfb5az1a,training_step,112,0.47265625,0.47265625,0.6953125,18451.9453125,25.921875,0.0031645570416003466,0.9998965633997922,0.010147292137844488,0.0005228896179687581,0.69926418364048,0.029714494361542165
production-dppo,cfb5az1a,training_step,113,0.5024999976158142,0.5024999976158142,0.5703125,20763.06640625,29.42578125,0.0031859816517680883,0.9998887295320805,0.009380729024996981,0.00031307299377658637,0.4544202387332916,0.023560759029351175
production-dppo,cfb5az1a,training_step,114,0.6145833134651184,0.6145833134651184,0.7578125,17754.3046875,23.73046875,0.003950617276132107,0.9999342709473709,0.009526485489914194,0.00041649811282695737,0.5759037863463163,0.02529199724085629
production-dppo,cfb5az1a,training_step,115,0.6237980723381042,0.6237980723381042,0.52734375,20068.08203125,29.3828125,0.005317734554409981,0.9999041041744569,0.011093791690655053,0.00046237346850830363,0.552816953510046,0.026234361343085766
production-dppo,cfb5az1a,training_step,116,0.5553977489471436,0.5553977489471436,0.65234375,23993.640625,30.35546875,0.0011581521248444915,0.9999075441524432,0.009923423087457195,0.0004822633297933976,0.538498230278492,0.024692383711226285
production-dppo,cfb5az1a,training_step,117,0.4670138955116272,0.4670138955116272,0.55078125,18799.98046875,26.5703125,0.002793296007439494,0.99992564672608,0.012838211201597005,0.0003388363531939831,0.490633487701416,0.027478576288558543
production-dppo,cfb5az1a,training_step,118,0.5104166865348816,0.5104166865348816,0.70703125,18886.59765625,30.06640625,0.0010393660049885511,0.9998911904302688,0.012698077014647424,-6.822395614136667e-05,0.5742945298552513,0.0278843455016613
production-dppo,cfb5az1a,training_step,119,0.6069079041481018,0.6069079041481018,0.69140625,16255.86328125,23.66015625,0.0013207858428359032,0.999873885362384,0.007638319279067218,0.00010850001024209632,0.3650891184806824,0.02097648219205439
production-dppo,cfb5az1a,training_step,120,0.5104166865348816,0.5104166865348816,0.58984375,19882.5078125,26.46484375,0.0020664206240326166,0.9999075939192574,0.012864726479165256,0.0003999332220132601,0.5418994128704071,0.028920338139869273
production-dppo,cfb5az1a,training_step,121,0.4958333373069763,0.4958333373069763,0.4296875,20411.453125,27.4453125,0.004554511979222298,0.999888980179064,0.013395065849181265,0.0007081818057486089,0.4951525405049324,0.029582503135316074
production-dppo,cfb5az1a,training_step,122,0.38749998807907104,0.38749998807907104,0.59375,22895.34375,38.26953125,0.0024497294798493385,0.9998975577710133,0.012373422272503376,0.00045038346638648363,0.5217087045311928,0.02777519845403731
production-dppo,cfb5az1a,training_step,123,0.6971153616905212,0.6971153616905212,0.6328125,15027.0546875,17.84765625,0.0037207265850156546,0.9998955697817318,0.007454538834281266,0.0002624982178076607,0.5118879787623882,0.023949489113874733
production-dppo,cfb5az1a,training_step,124,0.6470588445663452,0.6470588445663452,0.75,13425.8984375,19.15234375,0.002243524417281151,0.9999009655714155,0.010697815392632037,0.00031606317111965154,0.4979899227619171,0.028280557482503355
production-dppo,cfb5az1a,training_step,125,0.6916666626930237,0.6916666626930237,0.796875,20416.6640625,27.36328125,0.000856531027238816,0.9998882957451588,0.01029237563489005,-7.317296547171281e-05,0.5583592280745506,0.027897213818505406
production-dppo,cfb5az1a,training_step,126,0.4319852888584137,0.4319852888584137,0.66796875,19286.6484375,24.71875,0.0011061946861445904,0.9998948278823073,0.01509205246111378,-0.0006850570316601079,0.639705378562212,0.03441691899206489
production-dppo,cfb5az1a,training_step,127,0.419921875,0.419921875,0.58984375,17050.1484375,26.19140625,0.0023862789385020733,0.9998974598601342,0.011213284567929804,-0.0004485219442358357,0.48571982234716415,0.026311404071748257
production-dppo,cfb5az1a,training_step,128,0.53125,0.53125,0.64453125,14889.17578125,21.84765625,0.0048274630680680275,0.9998099223475834,0.01268330414313823,-0.0005202806805755245,0.7635334879159927,0.031549806939437985
production-dppo,cfb5az1a,training_step,129,0.7157257795333862,0.7157257795333862,0.7734375,19630.03125,30.31640625,0.0016750418581068516,0.9998516863759255,0.016463560867123306,-0.0010144545522052795,0.7136338502168655,0.03816162166185677
production-dppo,cfb5az1a,training_step,130,0.5482954382896423,0.5482954382896423,0.62890625,22661.765625,36.07421875,0.0005414184997789562,0.9998739617000578,0.01274955552071333,-0.0003178556952434519,0.4907438922673464,0.030727814650163054
production-dppo,cfb5az1a,training_step,131,0.5520833134651184,0.5520833134651184,0.578125,20414.234375,23.59765625,0.0008276775479316711,0.9998222388149405,0.011284054489806294,3.092886953481866e-05,0.555531270802021,0.02923954778816551
production-dppo,cfb5az1a,training_step,132,0.6145833134651184,0.6145833134651184,0.546875,23532.109375,33.57421875,0.000581733591388911,0.9997938237881384,0.013120180636178702,-0.00027145729819721964,0.5051155500113964,0.029852349311113358
production-dppo,cfb5az1a,training_step,133,0.5848214030265808,0.5848214030265808,0.6484375,15456.98046875,22.6796875,0.0024112986866384745,0.9996942793671693,0.01386687412741594,-0.0005600666481768712,0.6338893100619316,0.03690172918140888
production-dppo,cfb5az1a,training_step,134,0.65625,0.65625,0.88671875,10886.69140625,22.11328125,0.00017664724146015942,0.9996632240500746,0.01520520297344774,-0.0008342414494109107,0.609113771468401,0.03784392599482089
production-dppo,cfb5az1a,training_step,135,0.6517857313156128,0.6517857313156128,0.65625,12450.171875,18.00390625,0.00021696680050808936,0.9998169750878512,0.013210594246629626,-0.0007629634546901798,0.6225912347435951,0.034627761924639344
production-dppo,cfb5az1a,training_step,136,0.7784090638160706,0.7784090638160706,0.765625,15491.6171875,23.875,0.001308900536969304,0.9998461538856357,0.013029893540078774,-0.0008061214466579258,0.7080459669232368,0.03281903173774481
production-dppo,cfb5az1a,training_step,137,0.7250000238418579,0.7250000238418579,0.734375,11605.90625,17.78125,0.0013181018875911832,0.999890699084669,0.012288990430533886,-0.0005299025115164113,0.6257523521780968,0.031446173903532326
production-dppo,cfb5az1a,training_step,138,0.7150735259056091,0.7150735259056091,0.64453125,16698.40234375,20.50390625,0.0026671746745705605,0.999904764487189,0.011881674407050014,-0.0006731391513312701,0.4668917879462242,0.028993787826038897
production-dppo,cfb5az1a,training_step,139,0.581845223903656,0.581845223903656,0.65234375,15905.4453125,20.81640625,0.002251829719170928,0.9998758365938486,0.011719651432940736,-0.0008502948439854663,0.5479843318462372,0.030164268566295505
production-dppo,cfb5az1a,training_step,140,0.5347222089767456,0.5347222089767456,0.703125,14007.41796875,19.67578125,0.0009926543571054935,0.9998555258855644,0.013570792158134282,-0.0009119277310674079,0.6253327392041683,0.033248924068175256
production-dppo,cfb5az1a,training_step,141,0.5379464030265808,0.5379464030265808,0.69140625,19976.98046875,24.609375,0.003809523768723011,0.9997139866284509,0.014652317913714796,-0.0013550309995480347,0.7616535574197769,0.03919009305536747
production-dppo,cfb5az1a,training_step,142,0.5855262875556946,0.5855262875556946,0.640625,17532.16015625,24.94140625,0.0025058730971068144,0.9997154119194088,0.011987568461336195,-0.0009337081710327766,0.7251492068171501,0.03457877703476697
production-dppo,cfb5az1a,training_step,143,0.5349264740943909,0.5349264740943909,0.63671875,19996.11328125,16.9453125,0.0016136468620970845,0.9997245292187866,0.015219393419101834,-0.0013180048663343769,0.6019031032919884,0.03620283619966358
production-dppo,cfb5az1a,training_step,144,0.490234375,0.490234375,0.73046875,13936.44921875,17.0390625,0.0018340210663154721,0.9998087345556181,0.012856358400313184,-0.000740778606314052,0.5725909024477005,0.03396709181834012
production-dppo,cfb5az1a,training_step,145,0.5089285969734192,0.5089285969734192,0.640625,19517.7734375,26.59375,0.0022032903507351875,0.9997355788180052,0.01353973988443613,-0.001061450615452486,0.7132302224636078,0.035640013637021184
production-dppo,cfb5az1a,training_step,146,0.4854166805744171,0.4854166805744171,0.66015625,18807.15625,25.484375,0.000766401004511863,0.9995256033231632,0.01695812027901411,-0.001413691286188623,0.7340739667415619,0.04163319570943713
production-dppo,cfb5az1a,training_step,147,0.515625,0.515625,0.65625,15077.8515625,23.0546875,0.004913588520139456,0.9996253980412918,0.014215161965694278,-0.0017600193714315537,0.7528194338083267,0.03766970266588032
production-dppo,cfb5az1a,training_step,148,0.5989583134651184,0.5989583134651184,0.5234375,14038.57421875,22.33203125,0.004547839984297752,0.9996660119421927,0.016177305078599602,-0.0022184407207532786,0.7691662013530731,0.04247130244038999
production-dppo,cfb5az1a,training_step,149,0.3232758641242981,0.3232758641242981,0.421875,14507.90234375,19.51171875,0.007007007021456957,0.9996800079847575,0.01194872209453024,-0.0010157029009860707,0.6434600502252579,0.03360838652588427
production-dppo,cfb5az1a,training_step,150,0.609375,0.609375,0.87109375,13196.75,20.46875,0.0005725190858356655,0.9998377459470349,0.008870115474564955,-0.0003582172944334161,0.608927896246314,0.028672612737864256
production-dppo,cfb5az1a,training_step,151,0.6380208134651184,0.6380208134651184,0.58203125,19329.6484375,24.1953125,0.004681950435042381,0.9996830416517126,0.010548322054091841,-0.0001775073823182538,0.5614569932222366,0.030019232188351452
production-dppo,cfb5az1a,training_step,152,0.45913460850715637,0.45913460850715637,0.62109375,23000.3515625,24.4609375,0.0015969339292496443,0.9995563213874876,0.013927021471317858,0.0003006070440960684,0.7097076624631882,0.035711921635083854
production-dppo,cfb5az1a,training_step,153,0.5805920958518982,0.5805920958518982,0.62890625,22385.984375,25.4453125,0.001995701575651765,0.9996825413453797,0.01337973098270595,0.0008819856520858593,0.6109103187918663,0.03449836059007794
production-dppo,cfb5az1a,training_step,154,0.6194853186607361,0.6194853186607361,0.81640625,15789.05859375,22.7578125,0.0012015104293823242,0.9997182147561525,0.013713157793972641,0.0012168741959612817,0.6527682691812515,0.03544280841015279
production-dppo,cfb5az1a,training_step,155,0.510869562625885,0.510869562625885,0.59375,15562.46484375,21.89453125,0.005709188058972359,0.999677066819472,0.011851326911710203,0.001370339286950184,0.5841302946209908,0.0314355333102867
production-dppo,cfb5az1a,training_step,156,0.5340909361839294,0.5340909361839294,0.59375,20539.4296875,27.14453125,0.0046049789525568485,0.9996249847192576,0.014577895461115986,0.0021876620303373784,0.5995828062295914,0.035481841303408146
production-dppo,cfb5az1a,training_step,157,0.4895833432674408,0.4895833432674408,0.59375,22783.23046875,24.1328125,0.003075429005548358,0.999800640698405,0.010239103256026283,0.0007084578496687755,0.5178364664316177,0.026873669237829745
production-dppo,cfb5az1a,training_step,158,0.6475694179534912,0.6475694179534912,0.83203125,14172.140625,18.6328125,0.003144653979688883,0.999873479789136,0.011005512875271961,0.00036247485388685163,0.46990604884922504,0.027798159630037844
production-dppo,cfb5az1a,training_step,159,0.6705729365348816,0.6705729365348816,0.76171875,21166.64453125,25.38671875,0.0007693491061218083,0.9998235004606826,0.010369232972152531,0.0007880902321630856,0.5519358441233635,0.027814913191832602
production-dppo,cfb5az1a,training_step,160,0.5669642686843872,0.5669642686843872,0.73828125,22708.359375,27.59765625,0.0019815994892269373,0.9998156040078291,0.012517601775471121,0.001036831468809396,0.6409085169434547,0.032431284547783434
production-dppo,cfb5az1a,training_step,161,0.4828124940395355,0.4828124940395355,0.58203125,18653.20703125,25.00390625,0.0014060302637517452,0.9997632825806128,0.011820592102594674,0.0012487911717471434,0.5100692566484213,0.03064462507609278
production-dppo,cfb5az1a,training_step,162,0.5497685074806213,0.5497685074806213,0.60546875,21507.2578125,22.5703125,0.00017307026428170502,0.9998090776354663,0.008817701484076679,0.0007453513171640225,0.39811649918556213,0.022215193253941834
production-dppo,cfb5az1a,training_step,163,0.4513888955116272,0.4513888955116272,0.640625,19138.703125,24.98828125,0.002970142289996147,0.99981660224999,0.009997591201681644,0.000708569366906886,0.603388100862503,0.027398395002819598
production-dppo,cfb5az1a,training_step,164,0.5888158082962036,0.5888158082962036,0.6484375,21376.2734375,25.00390625,0.0028120605275034904,0.9997340885686099,0.012399243016261607,0.0006922248903720174,0.7433883920311928,0.03314773191232234
production-dppo,cfb5az1a,training_step,165,0.66847825050354,0.66847825050354,0.671875,16753.18359375,25.046875,0.0015595757868140936,0.999778969265632,0.012611184676643461,0.00021833625854128513,0.6739564575254917,0.030843826243653893
production-dppo,cfb5az1a,training_step,166,0.626358687877655,0.626358687877655,0.55078125,21642.09375,27.1640625,0.003307448932901025,0.9997074753306159,0.013085163402138278,0.0003855949968283312,0.5825368575751781,0.03426262561697513
production-dppo,cfb5az1a,training_step,167,0.39780405163764954,0.39780405163764954,0.33984375,20976.20703125,24.4921875,0.0057416269555687904,0.9997913077526336,0.012238900904776528,0.0004810299981272692,0.7173009514808655,0.032049453468061984
production-dppo,cfb5az1a,training_step,168,0.7529761791229248,0.7529761791229248,0.8515625,15973.6484375,21.86328125,0.00017866714915726334,0.9998720157848251,0.01076083947555162,0.0004616082305801683,0.684424601495266,0.029933404293842614
production-dppo,cfb5az1a,training_step,169,0.4149305522441864,0.4149305522441864,0.55859375,19465.16796875,31.84375,0.0031894014682620764,0.9997326100580975,0.013849187002051622,0.0001129540229385384,0.8631910234689713,0.03424774657469243
production-dppo,cfb5az1a,training_step,170,0.846875011920929,0.846875011920929,0.80859375,15382.46484375,20.0703125,0.00233553908765316,0.9996594051784655,0.01455168763641268,-0.00012870624323113589,0.6503536254167557,0.03565394214820117
production-dppo,cfb5az1a,training_step,171,0.6156250238418579,0.6156250238418579,0.5390625,20846,26.2578125,0.001636417699046433,0.9995887241233454,0.013999800314195454,-0.000904156422620872,0.8054535239934921,0.03789579449221492
production-dppo,cfb5az1a,training_step,172,0.5290178656578064,0.5290178656578064,0.67578125,18747.4140625,23.2109375,0.0011780544882640243,0.9998042697559052,0.01057948629022576,-0.0010429969515826087,0.5969306230545044,0.029983223299495876
production-dppo,cfb5az1a,training_step,173,0.625,0.625,0.8125,21656.64453125,22.92578125,0.0015334810595959425,0.9996962890403347,0.012166218424681574,-0.001103044214687543,0.7426993772387505,0.03344712103717029
production-dppo,cfb5az1a,training_step,174,0.6551339030265808,0.6551339030265808,0.66796875,16555.0625,22.453125,0.0029575503431260586,0.9997914118354654,0.010836523259058595,-0.00047508658508377266,0.4498453512787819,0.02579423040151596
production-dppo,cfb5az1a,training_step,175,0.6840277910232544,0.6840277910232544,0.80859375,21443.3046875,29.7109375,0.000657375727314502,0.9997236291608447,0.010403102380223572,6.652390766248573e-05,0.5199068449437618,0.02881147467996925
production-dppo,cfb5az1a,training_step,176,0.5252976417541504,0.5252976417541504,0.62890625,23108.765625,34.58984375,0.0021456803660839796,0.9997831434482787,0.010986225970555097,0.00024248642830571043,0.5922106504440308,0.02926258323714137
production-dppo,cfb5az1a,training_step,177,0.5128676295280457,0.5128676295280457,0.58984375,18279.54296875,24.8203125,0.0020459552761167288,0.9997656906724601,0.0147110344551038,0.0004229341388963803,0.6277563497424126,0.035334467655047774
production-dppo,cfb5az1a,training_step,178,0.585597813129425,0.585597813129425,0.68359375,21161.3828125,24.81640625,0.0031481189653277397,0.9996750002919523,0.013869881426217034,0.0006273100389080355,0.883461594581604,0.035988689633086324
production-dppo,cfb5az1a,training_step,179,0.6000000238418579,0.6000000238418579,0.625,18178.37890625,25.078125,0.0031152646988630295,0.9996935389778318,0.012900641595479101,0.0005189571720620734,0.5982309095561504,0.031925322371535
production-dppo,cfb5az1a,training_step,180,0.612500011920929,0.612500011920929,0.65625,20722.01953125,28.42578125,0.0016490311827510595,0.9997613338981199,0.013066200539469719,0.00030894835242634144,0.5494169779121876,0.03381439368240535
production-dppo,cfb5az1a,training_step,181,0.49531251192092896,0.49531251192092896,0.61328125,15591.73828125,26.9453125,0.0033342998940497637,0.9998011552478935,0.010523918259423226,-0.00014224804415985393,0.6253400854766369,0.02977079025004059
production-dppo,cfb5az1a,training_step,182,0.5921875238418579,0.5921875238418579,0.48046875,17973.6953125,24.09765625,0.0024315123446285725,0.9997490877772839,0.012531380809377879,0.00015369396717801465,0.5578211918473244,0.030331460176967084
production-dppo,cfb5az1a,training_step,183,0.5698529481887817,0.5698529481887817,0.5859375,18298.2890625,25.9765625,0.004661654122173786,0.999651611246715,0.011865568201756105,-7.550553890212086e-05,0.9086085185408592,0.03524705127347261
production-dppo,cfb5az1a,training_step,184,0.4359374940395355,0.4359374940395355,0.58984375,16277.0078125,27.07421875,0.0010099553037434816,0.9997660323088778,0.011666397447697818,-0.0002305041261365659,0.539533369243145,0.030890565481968224
production-dppo,cfb5az1a,training_step,185,0.7095588445663452,0.7095588445663452,0.6328125,19357.60546875,27.515625,0.0026973311323672533,0.9996944009912353,0.012167668784968555,-0.0003363982687005773,0.6398895047605038,0.03372492699418217
production-dppo,cfb5az1a,training_step,186,0.6785714030265808,0.6785714030265808,0.5625,16757.8828125,23.76171875,0.005918132606893778,0.9995980725247671,0.013215738697908819,-0.0003915051911462797,0.7557519413530827,0.03744263853877783
production-dppo,cfb5az1a,training_step,187,0.6183035969734192,0.6183035969734192,0.58203125,17655.93359375,22.26953125,0.001578670460730791,0.9991786187734638,0.01721915596863255,-0.0002752795012384013,0.7868127524852753,0.04474149248562753
production-dppo,cfb5az1a,training_step,188,0.5833333134651184,0.5833333134651184,0.8125,16925.12890625,26.40625,0.000739644980058074,0.9995782225664144,0.014451790193561465,-0.0006519981579913292,0.7538322508335114,0.03884576307609677
production-dppo,cfb5az1a,training_step,189,0.7467105388641357,0.7467105388641357,0.7734375,17286.52734375,26.26171875,0.001041201874613762,0.9994826482849328,0.015007709851488471,-0.0009413964216946624,0.774907186627388,0.04165820009075105
production-dppo,cfb5az1a,training_step,190,0.5756579041481018,0.5756579041481018,0.4921875,16313.9921875,24.54296875,0.0022282348945736885,0.99972288155316,0.008980755024822429,-0.00025439079763600603,0.6197758093476295,0.027183434111066163
production-dppo,cfb5az1a,training_step,191,0.5817307829856873,0.5817307829856873,0.4453125,25562.9765625,30.85546875,0.0017723762430250645,0.9996352438274072,0.01342327453312464,-0.00025627234975900137,0.6302333921194077,0.03357663645874709
production-dppo,cfb5az1a,training_step,192,0.6895833611488342,0.6895833611488342,0.79296875,14374.19921875,23.1484375,0.0010124873369932175,0.9996863649481691,0.01402922801207751,-0.00019610252229540492,0.6598653346300125,0.03486238268669695
production-dppo,cfb5az1a,training_step,193,0.6586538553237915,0.6586538553237915,0.4453125,19258.63671875,27.37890625,0.0024254529271274805,0.9995757562137233,0.015000073064584285,-0.00046744139869758783,0.8019145168364048,0.038843195885419846
production-dppo,cfb5az1a,training_step,194,0.5277777910232544,0.5277777910232544,0.6875,18601.63671875,24.82421875,0.0023603462614119053,0.9995761631272068,0.013469483179505914,-0.0007768032883177511,0.6425086781382561,0.03484185412526131
production-dppo,cfb5az1a,training_step,195,0.6754807829856873,0.6754807829856873,0.72265625,20337.2890625,24.70703125,0.0009486165945418179,0.9996730280176754,0.01660866674501449,-0.0007145411036617588,0.7272117473185062,0.04008408891968429
production-dppo,cfb5az1a,training_step,196,0.5057565569877625,0.5057565569877625,0.65234375,19774.15625,30.26171875,0.0015489866491407156,0.9997329186520951,0.011897763644810766,0.000520481050671151,0.5833672992885113,0.03174672368913889
production-dppo,cfb5az1a,training_step,197,0.5895833373069763,0.5895833373069763,0.60546875,19855.08203125,24.65234375,0.004278244450688362,0.9995971906168772,0.012468905770219862,0.000984342283118167,0.6401175409555435,0.033419659826904535
production-dppo,cfb5az1a,training_step,198,0.4522058963775635,0.4522058963775635,0.7109375,20714.05859375,22.30078125,0.0012261341325938702,0.9994428650195388,0.014368994627147913,0.000820747773104813,0.6615437269210815,0.036206928198225796
production-dppo,cfb5az1a,training_step,199,0.5348557829856873,0.5348557829856873,0.61328125,18433.7109375,28.921875,0.0025661804247647524,0.9993920717273665,0.014810699969530106,0.0006933294361033404,0.890304684638977,0.039616506663151085
production-dppo,cfb5az1a,training_step,200,0.43359375,0.43359375,0.4921875,19598.703125,26.46484375,0.0010332103120163083,0.9995901967372862,0.013505079201422632,0.0009585972784407204,0.633153636008501,0.03621021762955934
sgd-control,o55y4lhh,training_step,1,0.39182692766189575,0.39182692766189575,0.63671875,8882.98046875,17.35546875,0.006977267563343048,0.9999673647378723,0.006806727236835286,0.00012537205691387499,0.4166098050773144,0.020835456321947277
sgd-control,o55y4lhh,training_step,2,0.47187501192092896,0.47187501192092896,0.58984375,14617.0703125,35.46875,0.0008810572908259928,0.9998519864412098,0.008498961174154829,0.00032113066731653817,0.9767729472368956,0.028627968327782582
sgd-control,o55y4lhh,training_step,3,0.2946428656578064,0.2946428656578064,0.515625,13355.35546875,29.3125,0.00039978677523322403,0.9996377533487205,0.007842560968128964,0.0004368798339555724,0.9722172245383263,0.028040561242960393
sgd-control,o55y4lhh,training_step,4,0.390625,0.390625,0.5859375,10785.85546875,22.78125,0.00703017832711339,0.9994065359269547,0.006665806678938679,0.00012241941624324681,0.6752677857875824,0.02570914721582085
sgd-control,o55y4lhh,training_step,5,0.3854166567325592,0.3854166567325592,0.59765625,8659.25390625,22.73828125,0,0.999476698835415,0.010254928536596708,-1.0716436463553691e-05,0.6813197508454323,0.029695138335227966
sgd-control,o55y4lhh,training_step,6,0.4184027910232544,0.4184027910232544,0.81640625,9059.62109375,24.1796875,0.00016155089542735368,0.9999285774010407,0.007975301472470164,0.00017688673068505523,0.4945122264325619,0.02340533270034939
sgd-control,o55y4lhh,training_step,7,0.25271740555763245,0.25271740555763245,0.7265625,14425.84375,24.95703125,0.0015651901485398412,0.9999359705562554,0.008123907071421854,0.00026547413312982826,1.7723592035472393,0.03392830758821219
sgd-control,o55y4lhh,training_step,8,0.2829861044883728,0.2829861044883728,0.51171875,13074.40234375,31.36328125,0.003487358335405588,0.999946665857691,0.00836341650574468,7.033774706144413e-05,0.4398292973637581,0.022617242415435612
sgd-control,o55y4lhh,training_step,9,0.2421875,0.2421875,0.484375,17453.0625,34.08984375,0.00504182418808341,0.9999539398870049,0.010053361824247986,1.884420788655916e-05,0.5852810889482498,0.025671510840766132
sgd-control,o55y4lhh,training_step,10,0.3701923191547394,0.3701923191547394,0.4765625,16905.35546875,33.51171875,0.0027975288685411215,0.9999176785223735,0.00846946460660547,2.2986848080108757e-05,0.6041002199053764,0.02477733849082142
sgd-control,o55y4lhh,training_step,11,0.5170454382896423,0.5170454382896423,0.7109375,10464.0546875,24.16796875,0.001939550624229014,0.9999399323891369,0.007085845616529696,4.1958845834244585e-05,0.5484751164913177,0.02303529263008386
sgd-control,o55y4lhh,training_step,12,0.30000001192092896,0.30000001192092896,0.625,11652.12109375,27.80078125,0.0007025431841611862,0.999852232233343,0.010061281791422516,0.00028428885849507424,0.5035727247595787,0.02705406548921019
sgd-control,o55y4lhh,training_step,13,0.29567307233810425,0.29567307233810425,0.48046875,17688.28515625,37.0234375,0.0012660898501053452,0.9998897504672388,0.007775895021040924,0.0002565800328966361,0.48683620151132345,0.022397580192773603
sgd-control,o55y4lhh,training_step,14,0.6335227489471436,0.6335227489471436,0.74609375,8247.73046875,20.3671875,0.0007671653293073177,0.9999457732336801,0.00757698027882725,0.00019461671411136194,0.5220085009932518,0.0229338618228212
sgd-control,o55y4lhh,training_step,15,0.3046875,0.3046875,0.45703125,12098.46875,32.25390625,0.00024221872445195913,0.9999365022635048,0.011007893888745457,0.0002037968947661284,0.5359452664852142,0.027933449251577258
sgd-control,o55y4lhh,training_step,16,0.4441964328289032,0.4441964328289032,0.77734375,14050.94140625,24.25,0.0009664948447607458,0.9999103140911896,0.006327337876427919,6.540851626368749e-05,0.49785715341567993,0.020629766979254782
sgd-control,o55y4lhh,training_step,17,0.6022727489471436,0.6022727489471436,0.703125,15769.8984375,32.94140625,0.0005929088220000267,0.9998278907729529,0.008797869668342173,0.0004470613738476459,0.5888623371720314,0.024455096339806914
sgd-control,o55y4lhh,training_step,18,0.629807710647583,0.629807710647583,0.7734375,10665.4609375,23.2734375,0.0020140986889600754,0.9998044941977468,0.006670920178294182,1.0266161496019777e-05,0.5503754913806915,0.022817283403128386
sgd-control,o55y4lhh,training_step,19,0.3491847813129425,0.3491847813129425,0.50390625,14346.42578125,30.88671875,0.006070570554584265,0.9997480755014196,0.007899902964709327,-4.424472336950203e-06,0.747226171195507,0.026326119084842503
sgd-control,o55y4lhh,training_step,20,0.45432692766189575,0.45432692766189575,0.48828125,20685.04296875,35.67578125,0.0037227636203169823,0.999921922570532,0.007144342351239175,3.088500560011198e-05,0.4646117240190506,0.020685781491920352
sgd-control,o55y4lhh,training_step,21,0.4625000059604645,0.4625000059604645,0.578125,12786.140625,29.41015625,0.0037189533468335867,0.999932994911345,0.007157961226766929,0.00015396324420180463,0.5450735203921795,0.02212615462485701
sgd-control,o55y4lhh,training_step,22,0.6805555820465088,0.6805555820465088,0.765625,9545.2578125,22.890625,0.0013651876943185925,0.9999067724854059,0.008691979404829908,0.000227950499720464,0.47406879160553217,0.02494750657933764
sgd-control,o55y4lhh,training_step,23,0.3125,0.3125,0.5078125,14086.96875,34.18359375,0.0017140897689387202,0.9998762407067439,0.00896289324737154,3.7694413379085745e-05,0.5306758247315884,0.02529731555841863
sgd-control,o55y4lhh,training_step,24,0.3307291567325592,0.3307291567325592,0.49609375,14347.19140625,37.70703125,0.00010359473526477814,0.9998248148605826,0.008629820848000236,3.808434266261429e-05,0.5034033805131912,0.023232046980410814
sgd-control,o55y4lhh,training_step,25,0.376953125,0.376953125,0.62890625,16417.5078125,32.28125,0.0014520813710987568,0.999919724029577,0.010554975975537673,0.00013922453490522457,0.502404473721981,0.027292016486171633
sgd-control,o55y4lhh,training_step,26,0.5178571343421936,0.5178571343421936,0.78125,14424.21875,24.6796875,0.002057613106444478,0.9999470679108493,0.008325510963913985,-3.071215382988157e-05,0.5590290948748589,0.025121185812167823
sgd-control,o55y4lhh,training_step,27,0.536057710647583,0.536057710647583,0.74609375,14783.4375,23.94921875,0.0004893165896646678,0.9999403961687374,0.005004086808185093,4.840748317747057e-07,0.3122808523476124,0.01579797506565228
sgd-control,o55y4lhh,training_step,28,0.416015625,0.416015625,0.58203125,18740.29296875,34.89453125,0.0007836113218218088,0.9999276042817457,0.00823420520464424,0.00016671886845642803,0.44426602125167847,0.022996286512352526
sgd-control,o55y4lhh,training_step,29,0.4661458432674408,0.4661458432674408,0.57421875,16969.62890625,30.9296875,0.0037888356018811464,0.9999177677073929,0.007800500170560554,0.00019526699941252446,0.702193658798933,0.022770691313780844
sgd-control,o55y4lhh,training_step,30,0.3463541567325592,0.3463541567325592,0.51953125,20964.7734375,30.91015625,0.0031593579333275557,0.9998637420332049,0.008978069527074695,7.714249704804388e-05,0.6185506284236908,0.0266502391314134
sgd-control,o55y4lhh,training_step,31,0.3822115361690521,0.3822115361690521,0.62109375,13201.10546875,28.140625,0.0013881176710128784,0.9999029862389498,0.0039548916938656475,9.307819698278763e-05,0.31459874100983143,0.014830737374722958
sgd-control,o55y4lhh,training_step,32,0.28515625,0.28515625,0.5703125,13732.1484375,21.19140625,0.004423962906002998,0.9999322751042478,0.007256033713929355,5.155278126522944e-05,0.5752199739217758,0.022819069679826498
sgd-control,o55y4lhh,training_step,33,0.3080357015132904,0.3080357015132904,0.5390625,11611.14453125,27.8125,0.0025280897971242666,0.9999574569151684,0.00972351644304581,5.8673368641848356e-05,0.42361100390553474,0.0238780181389302
sgd-control,o55y4lhh,training_step,34,0.5034722089767456,0.5034722089767456,0.56640625,13707.234375,27.5859375,0.0016992352902889252,0.999935359067574,0.006417709722882137,5.5898751611493935e-05,0.48178520053625107,0.02041941019706428
sgd-control,o55y4lhh,training_step,35,0.3895833194255829,0.3895833194255829,0.73046875,9910.70703125,20.8203125,0.0005628517828881741,0.999947092295852,0.006885658338433132,-1.1650800900042668e-05,0.5037845447659492,0.021493096370249987
sgd-control,o55y4lhh,training_step,36,0.6619318127632141,0.6619318127632141,0.78515625,13002.29296875,29.74609375,0.0005252790288068354,0.9999406518856534,0.006925427092937753,-3.056118399058505e-05,0.46502938121557236,0.022360457107424736
sgd-control,o55y4lhh,training_step,37,0.4598214328289032,0.4598214328289032,0.5546875,20361.1015625,33.0390625,0.002719318959861994,0.9999135103710003,0.00894345820415765,7.950672659262636e-05,0.6700278148055077,0.02665166009683162
sgd-control,o55y4lhh,training_step,38,0.431640625,0.431640625,0.61328125,18419.75,30.484375,0.0030753458850085735,0.9999361618006738,0.0068504937225952744,4.471575107345416e-05,0.3639064058661461,0.01787986420094967
sgd-control,o55y4lhh,training_step,39,0.609375,0.609375,0.7890625,11675.03125,23.44921875,0.002998500829562545,0.9999502106287557,0.008059785584919155,-1.590168540843706e-05,0.7205639705061913,0.02504379441961646
sgd-control,o55y4lhh,training_step,40,0.38461539149284363,0.38461539149284363,0.625,20391.28125,35.375,0.001325088320299983,0.9999035786724115,0.008803948148852214,5.818304288141007e-06,0.4546104036271572,0.02438115025870502
sgd-control,o55y4lhh,training_step,41,0.4352678656578064,0.4352678656578064,0.76171875,18571.39453125,27.37890625,0.0009987159864977002,0.9999120725596483,0.007172424026066437,-4.13035468795897e-05,0.4218723177909851,0.022162001114338636
sgd-control,o55y4lhh,training_step,42,0.3677884638309479,0.3677884638309479,0.59765625,18667.20703125,37.83984375,0.0011355425231158733,0.9999172026771428,0.007803893036907539,7.097749470119652e-05,0.49924324452877045,0.022290861350484192
sgd-control,o55y4lhh,training_step,43,0.5034722089767456,0.5034722089767456,0.56640625,17177.59765625,29.9765625,0.0018243419472128153,0.9999022797245556,0.006851243902929127,-6.285143069817423e-05,0.499259851872921,0.022051429841667414
sgd-control,o55y4lhh,training_step,44,0.5041666626930237,0.5041666626930237,0.8203125,11147.140625,19.58984375,0.00019940179481636733,0.9999306574111545,0.0073267011903226376,-2.6637401902007696e-06,0.40579449385404587,0.02202668657992035
sgd-control,o55y4lhh,training_step,45,0.4779411852359772,0.4779411852359772,0.765625,11383.6875,32.3359375,0.0009664170211181045,0.9999574831394527,0.00952900352422148,-4.3427347975466546e-05,0.45557818561792374,0.025084955734200776
sgd-control,o55y4lhh,training_step,46,0.37132352590560913,0.37132352590560913,0.6640625,17953.7578125,32.59375,0.0029961648397147655,0.9999465984214129,0.011239502433454618,0.00020763115026056767,0.5563997402787209,0.0279059890890494
sgd-control,o55y4lhh,training_step,47,0.6625000238418579,0.6625000238418579,0.703125,9257.578125,28.8046875,0.002576620550826192,0.9999503163920982,0.010801285970956087,0.00034891654149760143,0.5745732188224792,0.02789503161329776
sgd-control,o55y4lhh,training_step,48,0.517578125,0.517578125,0.78515625,14105.546875,30.41015625,0.0007707129116170108,0.9998923096021678,0.011064632941270247,0.00020888237730787296,1.9603000283241272,0.04312791442498565
sgd-control,o55y4lhh,training_step,49,0.55078125,0.55078125,0.7265625,13520.796875,28.83203125,0.0028451429679989815,0.9999284381533878,0.007221946667414159,9.310039354204491e-05,0.47793105244636536,0.021387427230365574
sgd-control,o55y4lhh,training_step,50,0.5625,0.5625,0.609375,19795.421875,28.703125,0.0010887315729632974,0.999866290653505,0.006995114265009761,0.0001235512030461905,0.681019701063633,0.024901725351810455
sgd-control,o55y4lhh,training_step,51,0.3305920958518982,0.3305920958518982,0.53515625,12433.66015625,29.68359375,0.0038162916898727417,0.9999124552104646,0.008972590701887384,0.00028817868656005885,0.5928950496017933,0.02602582110557705
sgd-control,o55y4lhh,training_step,52,0.375,0.375,0.71875,16938.4296875,29.5078125,0.0015885623870417476,0.9999324900100028,0.007139114473829977,0.0001268299378125448,0.6169046834111214,0.021912032912950963
sgd-control,o55y4lhh,training_step,53,0.2586805522441864,0.2586805522441864,0.58203125,12155.93359375,25.09765625,0.003735408652573824,0.9999416312166883,0.008754891096032225,0.00017066414898181392,0.43609248101711273,0.023328976414632052
sgd-control,o55y4lhh,training_step,54,0.3102678656578064,0.3102678656578064,0.54296875,10553.5,17.8125,0.005043859593570232,0.9999472888622014,0.01135057321516797,5.6708231760183025e-05,0.4896768145263195,0.025454299175180495
sgd-control,o55y4lhh,training_step,55,0.4119318127632141,0.4119318127632141,0.56640625,16430.515625,29.078125,0.0012090273667126894,0.9999322326049117,0.007187770475866273,2.049491513389512e-06,0.5828512944281101,0.02372024138458073
sgd-control,o55y4lhh,training_step,56,0.4010416567325592,0.4010416567325592,0.6015625,14410.234375,30.30078125,0,0.9999400278266886,0.009194654470775276,-3.7720792420259386e-05,0.5067809820175171,0.024572520283982158
sgd-control,o55y4lhh,training_step,57,0.4744318127632141,0.4744318127632141,0.65234375,12618.69140625,27.5390625,0.0018439716659486294,0.9999470366034621,0.006707954336889088,-3.417380673909065e-05,0.45338232815265656,0.02061130153015256
sgd-control,o55y4lhh,training_step,58,0.3149999976158142,0.3149999976158142,0.609375,19068.9375,29.33203125,0.005193767603486776,0.9999308632525414,0.008511726904544048,1.727755602587422e-05,0.49301057308912277,0.024226359673775733
sgd-control,o55y4lhh,training_step,59,0.41826921701431274,0.41826921701431274,0.6796875,20830.49609375,27.95703125,0.0026547436136752367,0.9999054911780425,0.011778216110542417,4.901355686115494e-05,0.7174405083060265,0.031208269647322595
sgd-control,o55y4lhh,training_step,60,0.2647058963775635,0.2647058963775635,0.5625,17248.64453125,29.2265625,0.0022721197456121445,0.999914166956777,0.008351038020919077,0.00011439382024036604,0.5462986081838608,0.025480615557171404
sgd-control,o55y4lhh,training_step,61,0.3932291567325592,0.3932291567325592,0.46484375,21319.6796875,37.41015625,0.0007309178472496569,0.9999363978005953,0.007798405771609396,9.377360436246818e-05,0.38760650902986526,0.021188305923715234
sgd-control,o55y4lhh,training_step,62,0.26953125,0.26953125,0.5390625,12638.0625,24.58203125,0.004290481563657522,0.9999303198253485,0.010601783549645916,3.2568556378009816e-05,0.6495237983763218,0.026661418261937797
sgd-control,o55y4lhh,training_step,63,0.39375001192092896,0.39375001192092896,0.61328125,16805.3984375,31.3984375,0.0012440906139090657,0.999939401198722,0.008465328923193738,4.020888958677915e-05,0.42753300070762634,0.02347718272358179
sgd-control,o55y4lhh,training_step,64,0.3984375,0.3984375,0.59765625,14651.46484375,30.99609375,0,0.9999433791370701,0.006003712012898177,5.357892858626201e-05,0.5021994728595018,0.01931843883357942
sgd-control,o55y4lhh,training_step,65,0.2222222238779068,0.2222222238779068,0.5,11078.55078125,30.22265625,0.0045237173326313496,0.9999547247701216,0.010443674778798595,1.5685460311942734e-05,0.536249965429306,0.025939554208889604
sgd-control,o55y4lhh,training_step,66,0.37708333134651184,0.37708333134651184,0.45703125,15598.72265625,27.87109375,0.0043447790667414665,0.9999340693413424,0.008619575368356891,0.00013216685567840614,0.45835644006729126,0.022978816530667245
sgd-control,o55y4lhh,training_step,67,0.4166666567325592,0.4166666567325592,0.625,15307.25,26.359375,0.0014819205971434712,0.999916269426355,0.009296692966017872,6.531677468046837e-05,0.6375566087663174,0.025344673893414438
sgd-control,o55y4lhh,training_step,68,0.5874999761581421,0.5874999761581421,0.7265625,12092.6328125,24.5,0.0012755101779475808,0.9999310820143269,0.008017212327104062,7.925441008183043e-05,0.5215428695082664,0.023118261655326933
sgd-control,o55y4lhh,training_step,69,0.4114583432674408,0.4114583432674408,0.4921875,20513.11328125,36.9140625,0.004021164029836655,0.9998967491845256,0.008336999191669747,0.00016500064239721723,0.4874606505036354,0.023215447436086833
sgd-control,o55y4lhh,training_step,70,0.37132352590560913,0.37132352590560913,0.5390625,17520.2734375,28.37890625,0.0022023399360477924,0.9999111998632499,0.010181077755987644,5.606258667967268e-05,0.4272094592452049,0.025242334115318954
sgd-control,o55y4lhh,training_step,71,0.612500011920929,0.612500011920929,0.765625,8319.21875,17.9765625,0.0006518904701806605,0.9999626626019079,0.007321925018914044,-0.00015319832340310313,0.4909583367407322,0.02273776475340128
sgd-control,o55y4lhh,training_step,72,0.47265625,0.47265625,0.6953125,17409.16015625,32.76171875,0.0007153928745537996,0.9999322816228343,0.006959804042708129,-9.1606163096003e-05,0.5471739396452904,0.022153586498461664
sgd-control,o55y4lhh,training_step,73,0.48750001192092896,0.48750001192092896,0.7890625,18157.3984375,29.66796875,0.0006583278300240636,0.9999423972146251,0.007876424380810931,-7.241468871654888e-06,0.5146802738308907,0.022327733924612403
sgd-control,o55y4lhh,training_step,74,0.2984375059604645,0.2984375059604645,0.62109375,14473.89453125,29.5,0.004104872699826956,0.9999492260851119,0.009510475880233571,0.00014085639008953876,0.36779259145259857,0.023048199014738202
sgd-control,o55y4lhh,training_step,75,0.5267857313156128,0.5267857313156128,0.796875,11053.6796875,27.56640625,0.0014170326758176088,0.9999477808748741,0.008715292337001301,0.00011634158920514892,0.5912311094871257,0.023429878849128727
sgd-control,o55y4lhh,training_step,76,0.32536765933036804,0.32536765933036804,0.56640625,16138.7421875,41.91796875,0.0010250675259158015,0.9999602118983225,0.009392368694534525,5.667052340641021e-05,0.459331251680851,0.023478688672184944
sgd-control,o55y4lhh,training_step,77,0.4921875,0.4921875,0.73828125,13375.45703125,28.3359375,0.00013785497867502272,0.9999199546584445,0.007033430156297982,7.035740884475672e-05,0.554315622895956,0.023780905990861356
sgd-control,o55y4lhh,training_step,78,0.753125011920929,0.753125011920929,0.81640625,12246.9140625,27.5703125,0.002408614382147789,0.9998328907431929,0.011610499495873228,0.0001663747607381083,1.0889444798231125,0.03580240497831255
sgd-control,o55y4lhh,training_step,79,0.4283088147640228,0.4283088147640228,0.53515625,15991.8671875,33.49609375,0.003265306120738387,0.999872867160489,0.009232069831341505,0.0001567702595366427,0.4518168233335018,0.024634054279886186
sgd-control,o55y4lhh,training_step,80,0.4427083432674408,0.4427083432674408,0.49609375,11458.50390625,22.7578125,0.006179196760058403,0.9999394542447939,0.008793039101874456,9.671770328623097e-05,0.4821885675191879,0.024519684142433107
sgd-control,o55y4lhh,training_step,81,0.5147058963775635,0.5147058963775635,0.46875,12933.71484375,28.48828125,0.004524887073785067,0.9999401233727124,0.008412446652073413,8.540588642347302e-05,0.4964672178030014,0.02351512445602566
sgd-control,o55y4lhh,training_step,82,0.203125,0.203125,0.3828125,19204.91015625,33.37109375,0.002809317549690604,0.999930361913464,0.00659351417561993,0.00010087803127589723,0.3834865242242813,0.019390286528505385
sgd-control,o55y4lhh,training_step,83,0.3883928656578064,0.3883928656578064,0.5546875,14262.72265625,28.37890625,0.0034411561209708452,0.9999408585029531,0.007122464157873765,8.789019000232656e-05,0.41771844774484634,0.02055200980976224
sgd-control,o55y4lhh,training_step,84,0.4468750059604645,0.4468750059604645,0.43359375,12506.58984375,25.75,0.005461165215820074,0.9999293333035415,0.008250790153397247,8.144280627675471e-08,0.40845032036304474,0.022724207839928567
sgd-control,o55y4lhh,training_step,85,0.6701388955116272,0.6701388955116272,0.75390625,11410.34765625,23.50390625,0.0011633704416453838,0.9999106359001761,0.007163512898841873,4.483626207729685e-05,0.4932560622692108,0.023654641467146575
sgd-control,o55y4lhh,training_step,86,0.42897728085517883,0.42897728085517883,0.58984375,11338.54296875,23.25390625,0.004703511018306017,0.9999277753143347,0.008151945105055347,0.0001192069289572828,0.5480081290006638,0.02314119494985789
sgd-control,o55y4lhh,training_step,87,0.4468750059604645,0.4468750059604645,0.43359375,10999.0234375,26.00390625,0.0018026138423010707,0.9999341807227156,0.010080871725222096,-2.0332898372998898e-05,0.48244043067097664,0.025657625286839902
sgd-control,o55y4lhh,training_step,88,0.5803571343421936,0.5803571343421936,0.765625,10966.4765625,22.3046875,0.0012259194627404213,0.999948659618734,0.0080650863237679,2.0043491446131156e-05,0.5408306792378426,0.023100902617443353
sgd-control,o55y4lhh,training_step,89,0.3052884638309479,0.3052884638309479,0.49609375,17992.03125,29.22265625,0.005747894756495953,0.9999261093046233,0.008196677401429042,7.707818951985246e-05,0.5304804220795631,0.024786074412986636
sgd-control,o55y4lhh,training_step,90,0.4140625,0.4140625,0.49609375,16620.93359375,32.5234375,0.0021619023755192757,0.9999461268428108,0.007616393326316029,0.00010857782194761967,0.3961215913295746,0.02026738424319774
sgd-control,o55y4lhh,training_step,91,0.3806818127632141,0.3806818127632141,0.546875,18178.8203125,29.9609375,0.004563233349472284,0.9999410548517266,0.007796952035278082,5.013576367218775e-05,0.369777075946331,0.021174191846512258
sgd-control,o55y4lhh,training_step,92,0.5546875,0.5546875,0.609375,23542.86328125,37.96484375,0.002160716103389859,0.9999182124152759,0.01116832927800715,0.0002447140116146329,0.4660443216562271,0.02581975853536278
sgd-control,o55y4lhh,training_step,93,0.5608552694320679,0.5608552694320679,0.83203125,14471.05078125,27.91796875,0.0006995942094363272,0.9999452040254728,0.007820279570296407,0.00026873581919062417,0.4249408282339573,0.023255989770404994
sgd-control,o55y4lhh,training_step,94,0.60546875,0.60546875,0.7109375,11988.77734375,21.5390625,0.00018135654681827873,0.9999288242910733,0.00782771862577647,0.00017908183385628718,0.5463285148143768,0.022907650098204613
sgd-control,o55y4lhh,training_step,95,0.3619791567325592,0.3619791567325592,0.54296875,13592.38671875,26.296875,0.0011883541010320187,0.999925965320704,0.00964239877066575,0.00015028569561081895,0.4414464458823204,0.02529086614958942
sgd-control,o55y4lhh,training_step,96,0.7430555820465088,0.7430555820465088,0.8359375,16156.53125,32.46875,0.0003609239647630602,0.9999129672430365,0.009637818380724639,0.0003110924601514853,0.6248975545167923,0.027792353357654065
sgd-control,o55y4lhh,training_step,97,0.6057692170143127,0.6057692170143127,0.734375,11821.19140625,24.35546875,0.00016038492321968079,0.9999379652238917,0.008347013616003096,0.00016631191806482093,0.5182032361626625,0.024014082504436374
sgd-control,o55y4lhh,training_step,98,0.6223958134651184,0.6223958134651184,0.68359375,11682.93359375,27.33203125,0.0017150207422673702,0.9999486235862669,0.00947108565014787,0.00015464914855556344,0.5513418689370155,0.025418699136935174
sgd-control,o55y4lhh,training_step,99,0.4270833432674408,0.4270833432674408,0.80078125,15625.06640625,30.85546875,0.00012659830099437386,0.9999415486848474,0.009477249142946675,0.00012268052904573779,0.4586780294775963,0.025073489639908075
sgd-control,o55y4lhh,training_step,100,0.5852272510528564,0.5852272510528564,0.5546875,17765.90625,37.2421875,0.0022026430815458298,0.9999315291524017,0.009968131722416729,0.00012905912342375814,0.5709771513938904,0.026471112272702157
sgd-control,o55y4lhh,training_step,101,0.28125,0.28125,0.54296875,16597.40625,33.22265625,0.0007054673624224961,0.9999393690245963,0.008983977575553581,4.500294798504001e-05,0.39937110990285873,0.022928552236407995
sgd-control,o55y4lhh,training_step,102,0.6744791865348816,0.6744791865348816,0.88671875,13354.50390625,23.29296875,0.0005031024920754135,0.9999538196109616,0.008756975585129112,0.00014611539972975152,0.4730612486600876,0.022726877476088703
sgd-control,o55y4lhh,training_step,103,0.4975961446762085,0.4975961446762085,0.80859375,14437.96484375,24.625,0.00047588831512257457,0.9999258084285356,0.007933782588224858,6.154622201393067e-05,0.38359981030225754,0.021652411203831434
sgd-control,o55y4lhh,training_step,104,0.4661458432674408,0.4661458432674408,0.69921875,13864.44140625,26.2578125,0.0008925914880819619,0.9999224546757481,0.010432599548948929,0.0002599217423266964,0.586861178278923,0.028305135085247457
sgd-control,o55y4lhh,training_step,105,0.4375,0.4375,0.4609375,21038.89453125,37.73828125,0.0022771970834583044,0.9999144657846392,0.011305403808364645,0.0002087448406768999,0.8217064291238785,0.030151368817314506
sgd-control,o55y4lhh,training_step,106,0.41874998807907104,0.41874998807907104,0.546875,12248.66796875,25.3359375,0.0024668516125530005,0.999937942989867,0.008635934442281723,0.0003051227249670774,0.618047297000885,0.02307066263165325
sgd-control,o55y4lhh,training_step,107,0.541015625,0.541015625,0.83203125,11329.37109375,24.5390625,0.0007959248614497483,0.9999448715979735,0.008920064137782902,0.00024855877472873544,0.7669105343520641,0.026642947224900126
sgd-control,o55y4lhh,training_step,108,0.6322115659713745,0.6322115659713745,0.65234375,15544.48828125,28.484375,0.0016456390731036663,0.9999461720101822,0.008033161226194352,8.540652240185409e-05,0.4128634035587311,0.021812148275785148
sgd-control,o55y4lhh,training_step,109,0.4259868562221527,0.4259868562221527,0.63671875,11645.4140625,24.44140625,0.0020776730962097645,0.9999225915499387,0.009934681263985112,0.00012467972015883788,0.4959838092327118,0.027314698789268732
sgd-control,o55y4lhh,training_step,110,0.6964285969734192,0.6964285969734192,0.71875,16424.5234375,27.09765625,0.0005766181275248528,0.9999407161601879,0.007028189109405503,0.00013365292716116528,0.33024727180600166,0.019431109889410436
sgd-control,o55y4lhh,training_step,111,0.6205357313156128,0.6205357313156128,0.7109375,16627.73046875,27.7734375,0.0015471167862415314,0.9999299582372352,0.0072901175008155406,1.5223182003865077e-05,0.4540860280394554,0.01975878793746233
sgd-control,o55y4lhh,training_step,112,0.4149305522441864,0.4149305522441864,0.55859375,17036.05859375,30.7734375,0.003046458587050438,0.9999208292022734,0.006921715452335775,-4.1495915183986654e-05,0.3848418816924095,0.020077300257980824
sgd-control,o55y4lhh,training_step,113,0.4104166626930237,0.4104166626930237,0.64453125,15910.11328125,26.00390625,0.003755445359274745,0.9999490294454471,0.007852433656807989,0.00014662872308690567,0.35714681074023247,0.02171906514558941
sgd-control,o55y4lhh,training_step,114,0.6588541865348816,0.6588541865348816,0.73828125,10649.5703125,20.19921875,0.002900792984291911,0.9999561255979373,0.008569665893446654,9.657547909114328e-05,0.4166239406913519,0.02398217178415507
sgd-control,o55y4lhh,training_step,115,0.5528846383094788,0.5528846383094788,0.6484375,13966.6640625,29.1640625,0.0013394053094089031,0.9999267963721312,0.008473062160192057,0.00017660576952494011,0.5244978591799736,0.024663428659550846
sgd-control,o55y4lhh,training_step,116,0.5,0.5,0.625,13226.9609375,29.984375,0.000781657116021961,0.9999428704470364,0.01130443555302918,0.00031635068808100186,0.4349918067455292,0.026029959321022034
sgd-control,o55y4lhh,training_step,117,0.626953125,0.626953125,0.75390625,13576.26171875,22.83203125,0.001539777615107596,0.9999193811611334,0.006304750728304498,0.0001754589077336277,0.43515168130397797,0.020303551456891
sgd-control,o55y4lhh,training_step,118,0.38593751192092896,0.38593751192092896,0.71484375,16311.16796875,28.72265625,0.0010879912879317999,0.9999471452897851,0.008594585611717775,0.00024495635079802014,0.44364023953676224,0.02312408562283963
sgd-control,o55y4lhh,training_step,119,0.6838235259056091,0.6838235259056091,0.828125,14070.45703125,27.25,0.0028669724706560373,0.9999501561608461,0.007386113997199573,0.00013241985357126396,0.5000592656433582,0.021929608832579106
sgd-control,o55y4lhh,training_step,120,0.4025000035762787,0.4025000035762787,0.5078125,19048.87109375,34.62109375,0.0024822293780744076,0.9999320754724746,0.009685558528872207,7.90797996614856e-05,0.4818183593451977,0.025359592982567847
sgd-control,o55y4lhh,training_step,121,0.5404411554336548,0.5404411554336548,0.6484375,17370.2109375,29.62890625,0.003691496327519417,0.999955416681477,0.00553938330267556,-5.2503671270187624e-05,0.42902084439992905,0.019347535562701523
sgd-control,o55y4lhh,training_step,122,0.4933035671710968,0.4933035671710968,0.86328125,9137.95703125,20.57421875,0.0009493069956079125,0.9999590983264208,0.0061336408398346975,-6.823748996964696e-05,0.43966605328023434,0.020886446349322796
sgd-control,o55y4lhh,training_step,123,0.34090909361839294,0.34090909361839294,0.46875,16437.66796875,26.1796875,0.0029841838404536247,0.9999116675463847,0.009728485398227349,-2.2434446350416692e-05,0.4874291345477104,0.026259611593559384
sgd-control,o55y4lhh,training_step,124,0.45432692766189575,0.45432692766189575,0.73828125,8593.85546875,16.5859375,0.0002355157776037231,0.9999420907407226,0.008358305742149241,-1.5472706218488952e-05,0.5799409225583076,0.02534643094986677
sgd-control,o55y4lhh,training_step,125,0.5551470518112183,0.5551470518112183,0.8046875,10726.09375,22.05078125,0.0008857395732775331,0.9999688948859404,0.007019887387286872,9.51490177527603e-05,0.4264793358743191,0.021921061212196946
sgd-control,o55y4lhh,training_step,126,0.4281249940395355,0.4281249940395355,0.53515625,16081.1015625,33.1953125,0.0017651212401688099,0.9999322988156167,0.009509493334917352,0.00019952427211933355,0.4543501287698746,0.024015309987589717
sgd-control,o55y4lhh,training_step,127,0.7053571343421936,0.7053571343421936,0.734375,10754.24609375,20.70703125,0.0007545746047981083,0.9999218254165495,0.00837693372159265,0.00011409264894268745,0.4859548006206751,0.02488774387165904
sgd-control,o55y4lhh,training_step,128,0.48317307233810425,0.48317307233810425,0.66015625,13501.609375,27.671875,0.002540937392041087,0.9999421623445951,0.008701000711880624,-0.00014651238544871603,0.4433607831597328,0.024088898091576993
sgd-control,o55y4lhh,training_step,129,0.3798076808452606,0.3798076808452606,0.3671875,28034.34765625,40.375,0.0021284830290824175,0.9999126827462339,0.006569682722329162,-1.6859888276599122e-05,0.33694592490792274,0.018383719900157303
sgd-control,o55y4lhh,training_step,130,0.48161765933036804,0.48161765933036804,0.6484375,7428.74609375,18.265625,0.005132591817528009,0.999963369827483,0.011052674701204523,4.8044753157228115e-05,0.4394306652247906,0.025106357876211405
sgd-control,o55y4lhh,training_step,131,0.3584558963775635,0.3584558963775635,0.63671875,9561.95703125,22.33203125,0.005422424525022507,0.9999491302203104,0.011866430344525725,0.00011367942806828069,0.48796770349144936,0.026763837900944054
sgd-control,o55y4lhh,training_step,132,0.4431818127632141,0.4431818127632141,0.609375,12387.8828125,23.3828125,0.004009355325251818,0.9999395466756693,0.007533270108979195,0.00017379771827563673,0.48106174916028976,0.023299038293771446
sgd-control,o55y4lhh,training_step,133,0.5375000238418579,0.5375000238418579,0.671875,13079.43359375,19.546875,0.0003996802552137524,0.9999225498278158,0.006307744566584006,9.234933099833142e-05,0.4970610961318016,0.01999076665379107
sgd-control,o55y4lhh,training_step,134,0.4665178656578064,0.4665178656578064,0.69140625,10393.76171875,21.3203125,0.002198607660830021,0.9999355748633889,0.007809297210769728,0.00013248840761548308,0.49270932748913765,0.02248451777268201
sgd-control,o55y4lhh,training_step,135,0.5394737124443054,0.5394737124443054,0.65625,16384.95703125,28.8125,0.0009490238735452294,0.9999400478314915,0.008219827635912225,0.00015260596273947158,0.41956158727407455,0.022681718110106885
sgd-control,o55y4lhh,training_step,136,0.43465909361839294,0.43465909361839294,0.59765625,12122.0390625,28.140625,0.0013881176710128784,0.9999283728318858,0.009985350363422185,0.0001483261522992052,0.5710419192910194,0.026062756776809692
sgd-control,o55y4lhh,training_step,137,0.4320652186870575,0.4320652186870575,0.4921875,19112.53125,33.7734375,0.00173490634188056,0.9999250625771605,0.007289929024409503,4.7283265018904785e-05,0.47691042721271515,0.021233781124465168
sgd-control,o55y4lhh,training_step,138,0.4194079041481018,0.4194079041481018,0.62109375,16308.21875,34.41015625,0.0006811216007918119,0.9999300770037011,0.01098058556090109,0.00023582470521432697,0.5850799232721329,0.02826808567624539
sgd-control,o55y4lhh,training_step,139,0.4261363744735718,0.4261363744735718,0.5859375,16075.8984375,35.24609375,0.00011082788114435971,0.9999506481196985,0.007047008548397571,0.0001942995277204318,0.48633692786097527,0.021882431348785758
sgd-control,o55y4lhh,training_step,140,0.4488636255264282,0.4488636255264282,0.6171875,10515.59765625,23.04296875,0.005085607524961233,0.999915437716851,0.008517788985045627,0.0002967101145259221,0.524377129971981,0.0240424977382645
sgd-control,o55y4lhh,training_step,141,0.5795454382896423,0.5795454382896423,0.671875,14776.91796875,21.921875,0.0021382751874625683,0.9999166637128977,0.008725042978767306,0.0001568985803146461,0.6078867316246033,0.024737994419410825
sgd-control,o55y4lhh,training_step,142,0.4739583432674408,0.4739583432674408,0.5859375,15508.75390625,28.9921875,0.0004042037180624902,0.9999226018525591,0.00900476734386757,0.00012824929626731318,0.5402316972613335,0.02584278944414109
sgd-control,o55y4lhh,training_step,143,0.518750011920929,0.518750011920929,0.6484375,13833.7734375,29.87890625,0,0.9999275641223422,0.008349000330781564,0.00011531705763445643,0.5121671333909035,0.023886116105131805
sgd-control,o55y4lhh,training_step,144,0.5147058963775635,0.5147058963775635,0.71875,8266.734375,21.90625,0.00035663339076563716,0.9999476233243179,0.009426544565940276,0.00012412501003034038,0.4174174405634403,0.025349408388137817
sgd-control,o55y4lhh,training_step,145,0.5973557829856873,0.5973557829856873,0.94140625,8270.83984375,23.55078125,0,0.9999334782653825,0.010423389379866421,5.966187525530131e-05,0.5450969934463501,0.02735202433541417
sgd-control,o55y4lhh,training_step,146,0.4791666567325592,0.4791666567325592,0.6328125,11759.484375,23.875,0.0009816753445193172,0.9999242751105212,0.00799919557175599,0.0001391338103076123,0.5282161980867386,0.023736078990623355
sgd-control,o55y4lhh,training_step,147,0.5845588445663452,0.5845588445663452,0.6171875,11897.32421875,22.44921875,0.011136244982481003,0.9999156398421853,0.009676441637566313,0.0003121244299109094,0.5083051919937134,0.02569007594138384
sgd-control,o55y4lhh,training_step,148,0.5729166865348816,0.5729166865348816,0.51953125,15688.5703125,28.3671875,0.000688515545334667,0.9999247056784716,0.008657337981276214,0.00020611250204183307,0.5912976637482643,0.02426521060988307
sgd-control,o55y4lhh,training_step,149,0.7057291865348816,0.7057291865348816,0.68359375,14081.11328125,28.9765625,0.0037746024318039417,0.9999250982530449,0.010580491594737396,0.0002620261013817071,0.5692545250058174,0.026846257504075766
sgd-control,o55y4lhh,training_step,150,0.609375,0.609375,0.63671875,11299.0546875,27.1484375,0.0002877697697840631,0.9999277034783072,0.009244755114195868,2.2545916294802737e-05,0.5523352548480034,0.02620101731736213
sgd-control,o55y4lhh,training_step,151,0.6153846383094788,0.6153846383094788,0.5,16111.92578125,25.01171875,0.0020302983466535807,0.9999256650189937,0.009328189946245402,7.417032315970573e-05,0.47273053228855133,0.022557044168934226
sgd-control,o55y4lhh,training_step,152,0.3258928656578064,0.3258928656578064,0.48046875,17606.91015625,28.28125,0.002348066307604313,0.9999013684165348,0.007830024638678879,-5.576211918878471e-06,0.5962522178888321,0.025584321934729815
sgd-control,o55y4lhh,training_step,153,0.388671875,0.388671875,0.52734375,16957.34375,34.0625,0.0017201835289597511,0.9999345039029304,0.008036439860006794,2.9291033683875867e-05,0.4213806316256523,0.02244265901390463
sgd-control,o55y4lhh,training_step,154,0.4319852888584137,0.4319852888584137,0.66796875,14797.3671875,29.609375,0.000791556725744158,0.9999455536602936,0.00887514595524408,0.00022531076365339686,0.5356194041669369,0.02441211068071425
sgd-control,o55y4lhh,training_step,155,0.4888392984867096,0.4888392984867096,0.48046875,13812.68359375,29.81640625,0.005764443892985582,0.9999263804374358,0.00758228603808675,0.0001894342517516634,0.4664403349161148,0.022913230292033404
sgd-control,o55y4lhh,training_step,156,0.565625011920929,0.565625011920929,0.70703125,14522.4765625,24.4140625,0.0006399999838322401,0.9999290742790017,0.008501871605403721,1.9607636488672142e-05,0.4436625577509403,0.023213926469907165
sgd-control,o55y4lhh,training_step,157,0.46875,0.46875,0.6875,9879.078125,15.74609375,0.001488464418798685,0.9999287556258993,0.006929765018867329,6.249974433103489e-05,0.41613126546144485,0.020757402176968753
sgd-control,o55y4lhh,training_step,158,0.550000011920929,0.550000011920929,0.65625,14156.9765625,28.65234375,0.003544648876413703,0.9993189446014342,0.01335832878248766,0.0006696220452795387,1.0534021072089672,0.038253892213106155
sgd-control,o55y4lhh,training_step,159,0.4352678656578064,0.4352678656578064,0.63671875,13811.875,26.30078125,0.0004455666057765484,0.999414189289165,0.009899502212647349,0.0005070605329819955,0.9451576694846153,0.033719751285389066
sgd-control,o55y4lhh,training_step,160,0.32894736528396606,0.32894736528396606,0.53125,14924.34765625,25.703125,0.0010638297535479069,0.9998371846037077,0.009133005514740944,0.00012306897195912825,0.46728411316871643,0.0243221428245306
sgd-control,o55y4lhh,training_step,161,0.43421053886413574,0.43421053886413574,0.53125,13061.92578125,25.7265625,0.0063771638087928295,0.9998692967974308,0.00810019305208698,3.7585655604743806e-05,0.4122225120663643,0.02258796221576631
sgd-control,o55y4lhh,training_step,162,0.3461538553237915,0.3461538553237915,0.4375,13378.34375,24.64453125,0.01204628311097622,0.9999455501986134,0.007880677178036422,5.5517106204661104e-05,0.47658153995871544,0.022904989426024258
sgd-control,o55y4lhh,training_step,163,0.40992647409439087,0.40992647409439087,0.49609375,11102.328125,23.10546875,0.004395604599267244,0.9999552302415552,0.005978053333819844,3.978221539568949e-05,0.3767123520374298,0.017816743813455105
sgd-control,o55y4lhh,training_step,164,0.1785714328289032,0.1785714328289032,0.46875,21287.6875,34.40625,0.0014759310288354754,0.9999352982490953,0.006981594284297898,4.881019455638125e-05,0.4348071627318859,0.021434039226733148
sgd-control,o55y4lhh,training_step,165,0.643750011920929,0.643750011920929,0.8046875,9556.8203125,18.51953125,0.0008437038632109761,0.999962022575353,0.007438995613483712,0.000123499325894727,0.5348295271396637,0.02230366412550211
sgd-control,o55y4lhh,training_step,166,0.4759615361690521,0.4759615361690521,0.6484375,13886,24.00390625,0.002278275089338422,0.9999379466070917,0.008244625205406919,0.00028323973492661025,0.5485523603856564,0.024453080841340125
sgd-control,o55y4lhh,training_step,167,0.6392045617103577,0.6392045617103577,0.75390625,14811.7578125,25.73828125,0.00030353618785738945,0.9999340220320347,0.009688510705018416,0.00018870421172323404,0.5165299102663994,0.026147023891098797
sgd-control,o55y4lhh,training_step,168,0.53125,0.53125,0.63671875,14894.47265625,26.46484375,0,0.9999473940165733,0.009425456111785024,0.0001274326210136678,0.4523915946483612,0.023610772332176566
sgd-control,o55y4lhh,training_step,169,0.3799342215061188,0.3799342215061188,0.52734375,11005.21875,23.0546875,0.0020332091953605413,0.9999371140299771,0.008893447753507644,0.00017786739113034855,0.5595204457640648,0.024177328450605273
sgd-control,o55y4lhh,training_step,170,0.581250011920929,0.581250011920929,0.703125,15670.1875,25.37109375,0.001231716712936759,0.9999189263111493,0.007743359485175461,7.383761811752265e-05,0.4242432713508606,0.022032863344065845
sgd-control,o55y4lhh,training_step,171,0.25679346919059753,0.25679346919059753,0.48828125,19581.8984375,38.73046875,0.001311144675128162,0.9999097542495974,0.010357380611822009,0.0003178595106874127,0.4237406253814697,0.02408745849970728
sgd-control,o55y4lhh,training_step,172,0.5104166865348816,0.5104166865348816,0.70703125,16713.12890625,29.5625,0.0031712474301457405,0.9999353194265455,0.008902652596589178,0.00011358632067981489,0.4661813974380493,0.02414787351153791
sgd-control,o55y4lhh,training_step,173,0.47159090638160706,0.47159090638160706,0.6484375,19443.16796875,33.8984375,0.0014980409760028124,0.9999493039021929,0.009887828637147322,7.401124867101316e-05,0.5530711226165295,0.025954701588489115
sgd-control,o55y4lhh,training_step,174,0.5062500238418579,0.5062500238418579,0.69921875,13012.15234375,26.94140625,0.001884877448901534,0.999961514400142,0.011678169074002653,9.944176112242076e-05,0.5170307382941246,0.027588615543209016
sgd-control,o55y4lhh,training_step,175,0.5178571343421936,0.5178571343421936,0.78125,10877.359375,21.34765625,0.0009149130783043802,0.9999372531895694,0.009366841259179637,4.213642478134716e-05,0.5148505941033363,0.025426656124182045
sgd-control,o55y4lhh,training_step,176,0.512499988079071,0.512499988079071,0.65625,12190.69921875,27.44921875,0.0008538494585081935,0.9999583679487095,0.01057329773902893,0.00016307344023402948,0.5982885509729385,0.026773081626743078
sgd-control,o55y4lhh,training_step,177,0.546875,0.546875,0.71875,13440.296875,23.078125,0.0016926202224567533,0.9999446781465245,0.006453273672377691,0.0001854413829960322,0.3681636080145836,0.019996154122054577
sgd-control,o55y4lhh,training_step,178,0.6651785969734192,0.6651785969734192,0.6640625,14333.95703125,29.0859375,0.0014773032162338495,0.9999324524296206,0.008880723005859181,0.00026175757750479534,0.48328739404678345,0.023939990787766874
sgd-control,o55y4lhh,training_step,179,0.3482142984867096,0.3482142984867096,0.5390625,17918.4765625,25.59375,0.0004578754596877843,0.9998968198521158,0.008223981218179688,0.00021906217762079905,0.5872876420617104,0.025137426680885255
sgd-control,o55y4lhh,training_step,180,0.3452380895614624,0.3452380895614624,0.65625,20136.29296875,26.66015625,0.002783882897347212,0.9999362915085092,0.006371642972226255,6.372385939812375e-05,0.45716236159205437,0.01986931706778705
sgd-control,o55y4lhh,training_step,181,0.22812500596046448,0.22812500596046448,0.28515625,20962.86328125,34.56640625,0.0014690925600007176,0.9999105466459208,0.008407990535488352,0.00012711265662801452,0.46059469506144524,0.021767277386970818
sgd-control,o55y4lhh,training_step,182,0.5568181872367859,0.5568181872367859,0.640625,14064.859375,27.328125,0.003859348129481077,0.999938320634319,0.007842859689844772,0.00016532780500710942,0.5514786541461945,0.021964916959404945
sgd-control,o55y4lhh,training_step,183,0.5494791865348816,0.5494791865348816,0.82421875,11336.90234375,25.046875,0.0001559575757710263,0.9999437530690813,0.008387733527342789,7.72420731323109e-05,0.44240476563572884,0.023742439108900726
sgd-control,o55y4lhh,training_step,184,0.587890625,0.587890625,0.67578125,11321.44140625,22.8671875,0.00017082337581086904,0.9999471309230452,0.008476456860080361,0.00026282557865897616,0.44843391329050064,0.0237502510426566
sgd-control,o55y4lhh,training_step,185,0.42656248807907104,0.42656248807907104,0.56640625,20763.02734375,29.08203125,0.0022834117989987135,0.999923798842465,0.007784818299114704,0.00027919784042751417,0.3851604796946049,0.02158697519917041
sgd-control,o55y4lhh,training_step,186,0.39945653080940247,0.39945653080940247,0.5234375,17200.02734375,33.51953125,0.005710290279239416,0.9999498124419837,0.009231151052517816,0.00013573085914231342,0.4460199810564518,0.022414554026909173
sgd-control,o55y4lhh,training_step,187,0.4154411852359772,0.4154411852359772,0.5078125,14350.0078125,26.8046875,0.003351792460307479,0.9999445606048719,0.010860635957214981,0.00013706135712254763,0.5103763937950134,0.026539587997831404
sgd-control,o55y4lhh,training_step,188,0.6223958134651184,0.6223958134651184,0.55859375,12888.171875,26.671875,0.0016110134311020374,0.9999498078489499,0.01055214399821125,0.00012878027814622328,0.5088517814874649,0.02604202483780682
sgd-control,o55y4lhh,training_step,189,0.5909090638160706,0.5909090638160706,0.8125,8994.734375,19.62890625,0.0017910447204485536,0.99992343712923,0.00820595322875306,-5.624592620279145e-05,0.5641748234629631,0.024911218788474798
sgd-control,o55y4lhh,training_step,190,0.5568181872367859,0.5568181872367859,0.765625,10155.83984375,20.98828125,0.0018611575942486525,0.9999264044169313,0.009109429782256484,-1.0813548669830197e-05,0.6021893136203289,0.025872629950754344
sgd-control,o55y4lhh,training_step,191,0.4661458432674408,0.4661458432674408,0.57421875,15157.02734375,23.54296875,0.001659200293943286,0.9999319203657362,0.0087201468704734,9.224090517356842e-05,0.5309942811727524,0.025445263949222863
sgd-control,o55y4lhh,training_step,192,0.7276785969734192,0.7276785969734192,0.7734375,14337.88671875,23.4375,0.0005000000237487257,0.9999410642000545,0.007950790779432282,0.00010077487394255513,0.4754742309451103,0.024133466300554574
sgd-control,o55y4lhh,training_step,193,0.6129807829856873,0.6129807829856873,0.74609375,13693.5625,27.36328125,0,0.9999641568452071,0.011190143472049385,0.00030952477945334067,0.5486707612872124,0.026341676013544202
sgd-control,o55y4lhh,training_step,194,0.5227272510528564,0.5227272510528564,0.6875,14966.3515625,30.1640625,0.0006475006230175495,0.999939289107054,0.009459687833441421,0.00017654223097451904,0.548955075442791,0.024556603166274726
sgd-control,o55y4lhh,training_step,195,0.578125,0.578125,0.5703125,20064.49609375,34.0078125,0.0012634964659810066,0.9999314735152204,0.00900708173867315,6.443167771408298e-05,1.5689504314213991,0.03094024513848126
sgd-control,o55y4lhh,training_step,196,0.6654411554336548,0.6654411554336548,0.6640625,17313,30.40625,0.0006423432496376336,0.9999409888722909,0.008391213210416026,0.0001615654884972173,0.49474357068538666,0.022093614912591875
sgd-control,o55y4lhh,training_step,197,0.3211805522441864,0.3211805522441864,0.34765625,21079.984375,37.125,0.0021043771412223577,0.9999381463313675,0.009189457108732313,0.00013520271633638004,0.5056381672620773,0.02522068819962442
sgd-control,o55y4lhh,training_step,198,0.4583333432674408,0.4583333432674408,0.5625,19869.65625,36.6953125,0.00287417508661747,0.9999262953960868,0.009386916091898456,0.00019520412570273038,0.4614045098423958,0.023095622193068266
sgd-control,o55y4lhh,training_step,199,0.5275735259056091,0.5275735259056091,0.62109375,17835.0078125,31.2421875,0.002000500215217471,0.9999427937155243,0.008868317119777203,0.00023731907930368834,0.5004822425544262,0.02335681626573205
sgd-control,o55y4lhh,training_step,200,0.34375,0.34375,0.4765625,22199.0234375,30.71875,0.004196337889879942,0.9999156896093193,0.008627127768704668,0.00013673726112983786,0.370237834751606,0.020876313908956945
