global_step,acceptance_step,scope,prompt_idx,n_samples,reward_mean,reward_std,reward_min,reward_max,n_zero,degenerate
1,1,group,0,32,0.8125,0.390312,0.0,1.0,6,0
1,1,group,1,32,0.875,0.330719,0.0,1.0,4,0
1,1,group,2,32,0.15625,0.363092,0.0,1.0,27,0
1,1,group,3,32,0.90625,0.291481,0.0,1.0,3,0
1,1,group,4,32,0.9375,0.242061,0.0,1.0,2,0
1,1,group,5,32,0.875,0.330719,0.0,1.0,4,0
1,1,group,6,32,0.96875,0.173993,0.0,1.0,1,0
1,1,group,7,32,0.8125,0.390312,0.0,1.0,6,0
1,1,step,,256,0.792969,0.405178,0.0,1.0,53,0
2,2,group,0,32,0.9375,0.242061,0.0,1.0,2,0
2,2,group,1,32,0.6875,0.463512,0.0,1.0,10,0
2,2,group,2,32,0.0625,0.242061,0.0,1.0,30,0
2,2,group,3,32,0.65625,0.474959,0.0,1.0,11,0
2,2,group,4,32,0.9375,0.242061,0.0,1.0,2,0
2,2,group,5,32,0.125,0.330719,0.0,1.0,28,0
2,2,group,6,32,0.15625,0.363092,0.0,1.0,27,0
2,2,group,7,32,0.5625,0.496078,0.0,1.0,14,0
2,2,step,,256,0.515625,0.499756,0.0,1.0,124,0
3,3,group,0,32,0.375,0.484123,0.0,1.0,20,0
3,3,group,1,32,0.53125,0.499022,0.0,1.0,15,0
3,3,group,2,32,0.09375,0.291481,0.0,1.0,29,0
3,3,group,3,32,0.15625,0.363092,0.0,1.0,27,0
3,3,group,4,32,0.96875,0.173993,0.0,1.0,1,0
3,3,group,5,32,0.0625,0.242061,0.0,1.0,30,0
3,3,group,6,32,0.875,0.330719,0.0,1.0,4,0
3,3,group,7,32,0.71875,0.449609,0.0,1.0,9,0
3,3,step,,256,0.472656,0.499252,0.0,1.0,135,0
4,4,group,0,32,0.8125,0.390312,0.0,1.0,6,0
4,4,group,1,32,0.1875,0.390312,0.0,1.0,26,0
4,4,group,2,32,0.78125,0.413399,0.0,1.0,7,0
4,4,group,3,32,0.875,0.330719,0.0,1.0,4,0
4,4,group,4,32,0.9375,0.242061,0.0,1.0,2,0
4,4,group,5,32,0.9375,0.242061,0.0,1.0,2,0
4,4,group,6,32,0.375,0.484123,0.0,1.0,20,0
4,4,group,7,32,0.9375,0.242061,0.0,1.0,2,0
4,4,step,,256,0.730469,0.443716,0.0,1.0,69,0
5,5,group,0,32,0.375,0.484123,0.0,1.0,20,0
5,5,group,1,32,0.90625,0.291481,0.0,1.0,3,0
5,5,group,2,32,0.9375,0.242061,0.0,1.0,2,0
5,5,group,3,32,0.90625,0.291481,0.0,1.0,3,0
5,5,group,4,32,0.65625,0.474959,0.0,1.0,11,0
5,5,group,5,32,0.1875,0.390312,0.0,1.0,26,0
5,5,group,6,32,0.5,0.5,0.0,1.0,16,0
5,5,group,7,32,0.84375,0.363092,0.0,1.0,5,0
5,5,step,,256,0.664062,0.472317,0.0,1.0,86,0
6,6,group,0,32,0.90625,0.291481,0.0,1.0,3,0
6,6,group,1,32,0.9375,0.242061,0.0,1.0,2,0
6,6,group,2,32,0.9375,0.242061,0.0,1.0,2,0
6,6,group,3,32,0.90625,0.291481,0.0,1.0,3,0
6,6,group,4,32,0.875,0.330719,0.0,1.0,4,0
6,6,group,5,32,0.78125,0.413399,0.0,1.0,7,0
6,6,group,6,32,0.1875,0.390312,0.0,1.0,26,0
6,6,group,7,32,0.0625,0.242061,0.0,1.0,30,0
6,6,step,,256,0.699219,0.458598,0.0,1.0,77,0
7,7,group,0,32,0.96875,0.173993,0.0,1.0,1,0
7,7,group,1,32,0.28125,0.449609,0.0,1.0,23,0
7,7,group,2,32,0.1875,0.390312,0.0,1.0,26,0
7,7,group,3,32,0.78125,0.413399,0.0,1.0,7,0
7,7,group,4,32,0.9375,0.242061,0.0,1.0,2,0
7,7,group,5,32,0.21875,0.413399,0.0,1.0,25,0
7,7,group,6,32,0.9375,0.242061,0.0,1.0,2,0
7,7,group,7,32,0.875,0.330719,0.0,1.0,4,0
7,7,step,,256,0.648438,0.477458,0.0,1.0,90,0
8,8,group,0,32,0.84375,0.363092,0.0,1.0,5,0
8,8,group,1,32,0.84375,0.363092,0.0,1.0,5,0
8,8,group,2,32,0.03125,0.173993,0.0,1.0,31,0
8,8,group,3,32,0.875,0.330719,0.0,1.0,4,0
8,8,group,4,32,0.9375,0.242061,0.0,1.0,2,0
8,8,group,5,32,0.875,0.330719,0.0,1.0,4,0
8,8,group,6,32,0.09375,0.291481,0.0,1.0,29,0
8,8,group,7,32,0.96875,0.173993,0.0,1.0,1,0
8,8,step,,256,0.683594,0.465073,0.0,1.0,81,0
9,9,group,0,32,0.03125,0.173993,0.0,1.0,31,0
9,9,group,1,32,0.03125,0.173993,0.0,1.0,31,0
9,9,group,2,32,0.71875,0.449609,0.0,1.0,9,0
9,9,group,3,32,0.75,0.433013,0.0,1.0,8,0
9,9,group,4,32,0.8125,0.390312,0.0,1.0,6,0
9,9,group,5,32,0.71875,0.449609,0.0,1.0,9,0
9,9,group,6,32,0.5,0.5,0.0,1.0,16,0
9,9,group,7,32,0.25,0.433013,0.0,1.0,24,0
9,9,step,,256,0.476562,0.49945,0.0,1.0,134,0
10,10,group,0,32,0.90625,0.291481,0.0,1.0,3,0
10,10,group,1,32,0.59375,0.491132,0.0,1.0,13,0
10,10,group,2,32,0.65625,0.474959,0.0,1.0,11,0
10,10,group,3,32,0.0625,0.242061,0.0,1.0,30,0
10,10,group,4,32,0.8125,0.390312,0.0,1.0,6,0
10,10,group,5,32,0.59375,0.491132,0.0,1.0,13,0
10,10,group,6,32,0.90625,0.291481,0.0,1.0,3,0
10,10,group,7,32,0.96875,0.173993,0.0,1.0,1,0
10,10,step,,256,0.6875,0.463512,0.0,1.0,80,0
11,11,group,0,32,0.9375,0.242061,0.0,1.0,2,0
11,11,group,1,32,0.0625,0.242061,0.0,1.0,30,0
11,11,group,2,32,0.84375,0.363092,0.0,1.0,5,0
11,11,group,3,32,0.96875,0.173993,0.0,1.0,1,0
11,11,group,4,32,0.71875,0.449609,0.0,1.0,9,0
11,11,group,5,32,0.03125,0.173993,0.0,1.0,31,0
11,11,group,6,32,0.96875,0.173993,0.0,1.0,1,0
11,11,group,7,32,0.75,0.433013,0.0,1.0,8,0
11,11,step,,256,0.660156,0.473656,0.0,1.0,87,0
12,12,group,0,32,0.9375,0.242061,0.0,1.0,2,0
12,12,group,1,32,0.4375,0.496078,0.0,1.0,18,0
12,12,group,2,32,0.125,0.330719,0.0,1.0,28,0
12,12,group,3,32,0.0625,0.242061,0.0,1.0,30,0
12,12,group,4,32,0.84375,0.363092,0.0,1.0,5,0
12,12,group,5,32,0.09375,0.291481,0.0,1.0,29,0
12,12,group,6,32,0.65625,0.474959,0.0,1.0,11,0
12,12,group,7,32,0.03125,0.173993,0.0,1.0,31,0
12,12,step,,256,0.398438,0.489576,0.0,1.0,154,0
13,13,group,0,32,0.96875,0.173993,0.0,1.0,1,0
13,13,group,1,32,0.84375,0.363092,0.0,1.0,5,0
13,13,group,2,32,0.875,0.330719,0.0,1.0,4,0
13,13,group,3,32,0.4375,0.496078,0.0,1.0,18,0
13,13,group,4,32,0.75,0.433013,0.0,1.0,8,0
13,13,group,5,32,0.875,0.330719,0.0,1.0,4,0
13,13,group,6,32,0.46875,0.499022,0.0,1.0,17,0
13,13,group,7,32,0.84375,0.363092,0.0,1.0,5,0
13,13,step,,256,0.757812,0.428407,0.0,1.0,62,0
14,14,group,0,32,0.03125,0.173993,0.0,1.0,31,0
14,14,group,1,32,0.96875,0.173993,0.0,1.0,1,0
14,14,group,2,32,0.53125,0.499022,0.0,1.0,15,0
14,14,group,3,32,0.125,0.330719,0.0,1.0,28,0
14,14,group,4,32,0.875,0.330719,0.0,1.0,4,0
14,14,group,5,32,0.1875,0.390312,0.0,1.0,26,0
14,14,group,6,32,0.03125,0.173993,0.0,1.0,31,0
14,14,group,7,32,0.75,0.433013,0.0,1.0,8,0
14,14,step,,256,0.4375,0.496078,0.0,1.0,144,0
15,15,group,0,32,0.8125,0.390312,0.0,1.0,6,0
15,15,group,1,32,0.84375,0.363092,0.0,1.0,5,0
15,15,group,2,32,0.84375,0.363092,0.0,1.0,5,0
15,15,group,3,32,0.5625,0.496078,0.0,1.0,14,0
15,15,group,4,32,0.1875,0.390312,0.0,1.0,26,0
15,15,group,5,32,0.65625,0.474959,0.0,1.0,11,0
15,15,group,6,32,0.96875,0.173993,0.0,1.0,1,0
15,15,group,7,32,0.4375,0.496078,0.0,1.0,18,0
15,15,step,,256,0.664062,0.472317,0.0,1.0,86,0
16,16,group,0,32,0.09375,0.291481,0.0,1.0,29,0
16,16,group,1,32,0.96875,0.173993,0.0,1.0,1,0
16,16,group,2,32,0.90625,0.291481,0.0,1.0,3,0
16,16,group,3,32,0.65625,0.474959,0.0,1.0,11,0
16,16,group,4,32,0.4375,0.496078,0.0,1.0,18,0
16,16,group,5,32,0.1875,0.390312,0.0,1.0,26,0
16,16,group,6,32,0.78125,0.413399,0.0,1.0,7,0
16,16,group,7,32,0.78125,0.413399,0.0,1.0,7,0
16,16,step,,256,0.601562,0.489576,0.0,1.0,102,0
17,17,group,0,32,0.25,0.433013,0.0,1.0,24,0
17,17,group,1,32,0.21875,0.413399,0.0,1.0,25,0
17,17,group,2,32,0.96875,0.173993,0.0,1.0,1,0
17,17,group,3,32,0.03125,0.173993,0.0,1.0,31,0
17,17,group,4,32,0.96875,0.173993,0.0,1.0,1,0
17,17,group,5,32,0.96875,0.173993,0.0,1.0,1,0
17,17,group,6,32,0.9375,0.242061,0.0,1.0,2,0
17,17,group,7,32,0.5,0.5,0.0,1.0,16,0
17,17,step,,256,0.605469,0.48875,0.0,1.0,101,0
18,18,group,0,32,0.875,0.330719,0.0,1.0,4,0
18,18,group,1,32,0.3125,0.463512,0.0,1.0,22,0
18,18,group,2,32,0.9375,0.242061,0.0,1.0,2,0
18,18,group,3,32,0.53125,0.499022,0.0,1.0,15,0
18,18,group,4,32,0.15625,0.363092,0.0,1.0,27,0
18,18,group,5,32,0.28125,0.449609,0.0,1.0,23,0
18,18,group,6,32,0.9375,0.242061,0.0,1.0,2,0
18,18,group,7,32,0.09375,0.291481,0.0,1.0,29,0
18,18,step,,256,0.515625,0.499756,0.0,1.0,124,0
19,19,group,0,32,0.1875,0.390312,0.0,1.0,26,0
19,19,group,1,32,0.96875,0.173993,0.0,1.0,1,0
19,19,group,2,32,0.78125,0.413399,0.0,1.0,7,0
19,19,group,3,32,0.71875,0.449609,0.0,1.0,9,0
19,19,group,4,32,0.9375,0.242061,0.0,1.0,2,0
19,19,group,5,32,0.8125,0.390312,0.0,1.0,6,0
19,19,group,6,32,0.8125,0.390312,0.0,1.0,6,0
19,19,group,7,32,0.15625,0.363092,0.0,1.0,27,0
19,19,step,,256,0.671875,0.469531,0.0,1.0,84,0
20,20,group,0,32,0.40625,0.491132,0.0,1.0,19,0
20,20,group,1,32,0.34375,0.474959,0.0,1.0,21,0
20,20,group,2,32,0.1875,0.390312,0.0,1.0,26,0
20,20,group,3,32,0.96875,0.173993,0.0,1.0,1,0
20,20,group,4,32,0.8125,0.390312,0.0,1.0,6,0
20,20,group,5,32,0.40625,0.491132,0.0,1.0,19,0
20,20,group,6,32,0.96875,0.173993,0.0,1.0,1,0
20,20,group,7,32,0.53125,0.499022,0.0,1.0,15,0
20,20,step,,256,0.578125,0.493859,0.0,1.0,108,0
21,21,group,0,32,0.96875,0.173993,0.0,1.0,1,0
21,21,group,1,32,0.03125,0.173993,0.0,1.0,31,0
21,21,group,2,32,0.90625,0.291481,0.0,1.0,3,0
21,21,group,3,32,0.96875,0.173993,0.0,1.0,1,0
21,21,group,4,32,0.84375,0.363092,0.0,1.0,5,0
21,21,group,5,32,0.90625,0.291481,0.0,1.0,3,0
21,21,group,6,32,0.4375,0.496078,0.0,1.0,18,0
21,21,group,7,32,0.78125,0.413399,0.0,1.0,7,0
21,21,step,,256,0.730469,0.443716,0.0,1.0,69,0
22,22,group,0,32,0.125,0.330719,0.0,1.0,28,0
22,22,group,1,32,0.03125,0.173993,0.0,1.0,31,0
22,22,group,2,32,0.59375,0.491132,0.0,1.0,13,0
22,22,group,3,32,0.875,0.330719,0.0,1.0,4,0
22,22,group,4,32,0.96875,0.173993,0.0,1.0,1,0
22,22,group,5,32,0.6875,0.463512,0.0,1.0,10,0
22,22,group,6,32,0.21875,0.413399,0.0,1.0,25,0
22,22,group,7,32,0.65625,0.474959,0.0,1.0,11,0
22,22,step,,256,0.519531,0.499618,0.0,1.0,123,0
23,23,group,0,32,0.09375,0.291481,0.0,1.0,29,0
23,23,group,1,32,0.8125,0.390312,0.0,1.0,6,0
23,23,group,2,32,0.90625,0.291481,0.0,1.0,3,0
23,23,group,3,32,0.09375,0.291481,0.0,1.0,29,0
23,23,group,4,32,0.75,0.433013,0.0,1.0,8,0
23,23,group,5,32,0.40625,0.491132,0.0,1.0,19,0
23,23,group,6,32,0.03125,0.173993,0.0,1.0,31,0
23,23,group,7,32,0.90625,0.291481,0.0,1.0,3,0
23,23,step,,256,0.5,0.5,0.0,1.0,128,0
24,24,group,0,32,0.1875,0.390312,0.0,1.0,26,0
24,24,group,1,32,0.84375,0.363092,0.0,1.0,5,0
24,24,group,2,32,0.96875,0.173993,0.0,1.0,1,0
24,24,group,3,32,0.8125,0.390312,0.0,1.0,6,0
24,24,group,4,32,0.03125,0.173993,0.0,1.0,31,0
24,24,group,5,32,0.5625,0.496078,0.0,1.0,14,0
24,24,group,6,32,0.8125,0.390312,0.0,1.0,6,0
24,24,group,7,32,0.90625,0.291481,0.0,1.0,3,0
24,24,step,,256,0.640625,0.479817,0.0,1.0,92,0
25,25,group,0,32,0.84375,0.363092,0.0,1.0,5,0
25,25,group,1,32,0.8125,0.390312,0.0,1.0,6,0
25,25,group,2,32,0.8125,0.390312,0.0,1.0,6,0
25,25,group,3,32,0.90625,0.291481,0.0,1.0,3,0
25,25,group,4,32,0.3125,0.463512,0.0,1.0,22,0
25,25,group,5,32,0.0625,0.242061,0.0,1.0,30,0
25,25,group,6,32,0.40625,0.491132,0.0,1.0,19,0
25,25,group,7,32,0.84375,0.363092,0.0,1.0,5,0
25,25,step,,256,0.625,0.484123,0.0,1.0,96,0
26,26,group,0,32,0.90625,0.291481,0.0,1.0,3,0
26,26,group,1,32,0.09375,0.291481,0.0,1.0,29,0
26,26,group,2,32,0.96875,0.173993,0.0,1.0,1,0
26,26,group,3,32,0.9375,0.242061,0.0,1.0,2,0
26,26,group,4,32,0.8125,0.390312,0.0,1.0,6,0
26,26,group,5,32,0.78125,0.413399,0.0,1.0,7,0
26,26,group,6,32,0.90625,0.291481,0.0,1.0,3,0
26,26,group,7,32,0.03125,0.173993,0.0,1.0,31,0
26,26,step,,256,0.679688,0.466597,0.0,1.0,82,0
27,27,group,0,32,0.90625,0.291481,0.0,1.0,3,0
27,27,group,1,32,0.46875,0.499022,0.0,1.0,17,0
27,27,group,2,32,0.90625,0.291481,0.0,1.0,3,0
27,27,group,3,32,0.09375,0.291481,0.0,1.0,29,0
27,27,group,4,32,0.90625,0.291481,0.0,1.0,3,0
27,27,group,5,32,0.90625,0.291481,0.0,1.0,3,0
27,27,group,6,32,0.96875,0.173993,0.0,1.0,1,0
27,27,group,7,32,0.9375,0.242061,0.0,1.0,2,0
27,27,step,,256,0.761719,0.426032,0.0,1.0,61,0
28,28,group,0,32,0.15625,0.363092,0.0,1.0,27,0
28,28,group,1,32,0.875,0.330719,0.0,1.0,4,0
28,28,group,2,32,0.90625,0.291481,0.0,1.0,3,0
28,28,group,3,32,0.1875,0.390312,0.0,1.0,26,0
28,28,group,4,32,0.0625,0.242061,0.0,1.0,30,0
28,28,group,5,32,0.125,0.330719,0.0,1.0,28,0
28,28,group,6,32,0.4375,0.496078,0.0,1.0,18,0
28,28,group,7,32,0.1875,0.390312,0.0,1.0,26,0
28,28,step,,256,0.367188,0.482038,0.0,1.0,162,0
29,29,group,0,32,0.09375,0.291481,0.0,1.0,29,0
29,29,group,1,32,0.96875,0.173993,0.0,1.0,1,0
29,29,group,2,32,0.9375,0.242061,0.0,1.0,2,0
29,29,group,3,32,0.75,0.433013,0.0,1.0,8,0
29,29,group,4,32,0.21875,0.413399,0.0,1.0,25,0
29,29,group,5,32,0.78125,0.413399,0.0,1.0,7,0
29,29,group,6,32,0.96875,0.173993,0.0,1.0,1,0
29,29,group,7,32,0.1875,0.390312,0.0,1.0,26,0
29,29,step,,256,0.613281,0.486998,0.0,1.0,99,0
30,30,group,0,32,0.28125,0.449609,0.0,1.0,23,0
30,30,group,1,32,0.6875,0.463512,0.0,1.0,10,0
30,30,group,2,32,0.03125,0.173993,0.0,1.0,31,0
30,30,group,3,32,0.875,0.330719,0.0,1.0,4,0
30,30,group,4,32,0.9375,0.242061,0.0,1.0,2,0
30,30,group,5,32,0.84375,0.363092,0.0,1.0,5,0
30,30,group,6,32,0.8125,0.390312,0.0,1.0,6,0
30,30,group,7,32,0.6875,0.463512,0.0,1.0,10,0
30,30,step,,256,0.644531,0.478655,0.0,1.0,91,0
31,31,group,0,32,0.96875,0.173993,0.0,1.0,1,0
31,31,group,1,32,0.125,0.330719,0.0,1.0,28,0
31,31,group,2,32,0.90625,0.291481,0.0,1.0,3,0
31,31,group,3,32,0.125,0.330719,0.0,1.0,28,0
31,31,group,4,32,0.9375,0.242061,0.0,1.0,2,0
31,31,group,5,32,0.1875,0.390312,0.0,1.0,26,0
31,31,group,6,32,0.59375,0.491132,0.0,1.0,13,0
31,31,group,7,32,0.90625,0.291481,0.0,1.0,3,0
31,31,step,,256,0.59375,0.491132,0.0,1.0,104,0
32,32,group,0,32,0.84375,0.363092,0.0,1.0,5,0
32,32,group,1,32,0.25,0.433013,0.0,1.0,24,0
32,32,group,2,32,0.8125,0.390312,0.0,1.0,6,0
32,32,group,3,32,0.09375,0.291481,0.0,1.0,29,0
32,32,group,4,32,0.03125,0.173993,0.0,1.0,31,0
32,32,group,5,32,0.84375,0.363092,0.0,1.0,5,0
32,32,group,6,32,0.5,0.5,0.0,1.0,16,0
32,32,group,7,32,0.03125,0.173993,0.0,1.0,31,0
32,32,step,,256,0.425781,0.494461,0.0,1.0,147,0
33,33,group,0,32,0.03125,0.173993,0.0,1.0,31,0
33,33,group,1,32,0.59375,0.491132,0.0,1.0,13,0
33,33,group,2,32,0.03125,0.173993,0.0,1.0,31,0
33,33,group,3,32,0.75,0.433013,0.0,1.0,8,0
33,33,group,4,32,0.46875,0.499022,0.0,1.0,17,0
33,33,group,5,32,0.96875,0.173993,0.0,1.0,1,0
33,33,group,6,32,0.75,0.433013,0.0,1.0,8,0
33,33,group,7,32,0.9375,0.242061,0.0,1.0,2,0
33,33,step,,256,0.566406,0.495571,0.0,1.0,111,0
34,34,group,0,32,0.84375,0.363092,0.0,1.0,5,0
34,34,group,1,32,0.9375,0.242061,0.0,1.0,2,0
34,34,group,2,32,0.03125,0.173993,0.0,1.0,31,0
34,34,group,3,32,0.84375,0.363092,0.0,1.0,5,0
34,34,group,4,32,0.59375,0.491132,0.0,1.0,13,0
34,34,group,5,32,0.96875,0.173993,0.0,1.0,1,0
34,34,group,6,32,0.90625,0.291481,0.0,1.0,3,0
34,34,group,7,32,0.875,0.330719,0.0,1.0,4,0
34,34,step,,256,0.75,0.433013,0.0,1.0,64,0
35,35,group,0,32,0.03125,0.173993,0.0,1.0,31,0
35,35,group,1,32,0.96875,0.173993,0.0,1.0,1,0
35,35,group,2,32,0.96875,0.173993,0.0,1.0,1,0
35,35,group,3,32,0.65625,0.474959,0.0,1.0,11,0
35,35,group,4,32,0.9375,0.242061,0.0,1.0,2,0
35,35,group,5,32,0.96875,0.173993,0.0,1.0,1,0
35,35,group,6,32,0.90625,0.291481,0.0,1.0,3,0
35,35,group,7,32,0.1875,0.390312,0.0,1.0,26,0
35,35,step,,256,0.703125,0.456881,0.0,1.0,76,0
36,36,group,0,32,0.46875,0.499022,0.0,1.0,17,0
36,36,group,1,32,0.78125,0.413399,0.0,1.0,7,0
36,36,group,2,32,0.96875,0.173993,0.0,1.0,1,0
36,36,group,3,32,0.8125,0.390312,0.0,1.0,6,0
36,36,group,4,32,0.875,0.330719,0.0,1.0,4,0
36,36,group,5,32,0.875,0.330719,0.0,1.0,4,0
36,36,group,6,32,0.96875,0.173993,0.0,1.0,1,0
36,36,group,7,32,0.1875,0.390312,0.0,1.0,26,0
36,36,step,,256,0.742188,0.43743,0.0,1.0,66,0
37,37,group,0,32,0.96875,0.173993,0.0,1.0,1,0
37,37,group,1,32,0.96875,0.173993,0.0,1.0,1,0
37,37,group,2,32,0.0625,0.242061,0.0,1.0,30,0
37,37,group,3,32,0.84375,0.363092,0.0,1.0,5,0
37,37,group,4,32,0.03125,0.173993,0.0,1.0,31,0
37,37,group,5,32,0.75,0.433013,0.0,1.0,8,0
37,37,group,6,32,0.90625,0.291481,0.0,1.0,3,0
37,37,group,7,32,0.25,0.433013,0.0,1.0,24,0
37,37,step,,256,0.597656,0.490371,0.0,1.0,103,0
38,38,group,0,32,0.84375,0.363092,0.0,1.0,5,0
38,38,group,1,32,0.96875,0.173993,0.0,1.0,1,0
38,38,group,2,32,0.40625,0.491132,0.0,1.0,19,0
38,38,group,3,32,0.84375,0.363092,0.0,1.0,5,0
38,38,group,4,32,0.0625,0.242061,0.0,1.0,30,0
38,38,group,5,32,0.90625,0.291481,0.0,1.0,3,0
38,38,group,6,32,0.78125,0.413399,0.0,1.0,7,0
38,38,group,7,32,0.84375,0.363092,0.0,1.0,5,0
38,38,step,,256,0.707031,0.455124,0.0,1.0,75,0
39,39,group,0,32,0.71875,0.449609,0.0,1.0,9,0
39,39,group,1,32,0.6875,0.463512,0.0,1.0,10,0
39,39,group,2,32,0.0625,0.242061,0.0,1.0,30,0
39,39,group,3,32,0.28125,0.449609,0.0,1.0,23,0
39,39,group,4,32,0.15625,0.363092,0.0,1.0,27,0
39,39,group,5,32,0.9375,0.242061,0.0,1.0,2,0
39,39,group,6,32,0.375,0.484123,0.0,1.0,20,0
39,39,group,7,32,0.40625,0.491132,0.0,1.0,19,0
39,39,step,,256,0.453125,0.497798,0.0,1.0,140,0
40,40,group,0,32,0.9375,0.242061,0.0,1.0,2,0
40,40,group,1,32,0.78125,0.413399,0.0,1.0,7,0
40,40,group,2,32,0.78125,0.413399,0.0,1.0,7,0
40,40,group,3,32,0.96875,0.173993,0.0,1.0,1,0
40,40,group,4,32,0.96875,0.173993,0.0,1.0,1,0
40,40,group,5,32,0.9375,0.242061,0.0,1.0,2,0
40,40,group,6,32,0.90625,0.291481,0.0,1.0,3,0
40,40,group,7,32,0.78125,0.413399,0.0,1.0,7,0
40,40,step,,256,0.882812,0.321644,0.0,1.0,30,0
41,41,group,0,32,0.875,0.330719,0.0,1.0,4,0
41,41,group,1,32,0.03125,0.173993,0.0,1.0,31,0
41,41,group,2,32,0.9375,0.242061,0.0,1.0,2,0
41,41,group,3,32,0.59375,0.491132,0.0,1.0,13,0
41,41,group,4,32,0.625,0.484123,0.0,1.0,12,0
41,41,group,5,32,0.9375,0.242061,0.0,1.0,2,0
41,41,group,6,32,0.9375,0.242061,0.0,1.0,2,0
41,41,group,7,32,0.6875,0.463512,0.0,1.0,10,0
41,41,step,,256,0.703125,0.456881,0.0,1.0,76,0
42,42,group,0,32,0.25,0.433013,0.0,1.0,24,0
42,42,group,1,32,0.5,0.5,0.0,1.0,16,0
42,42,group,2,32,0.8125,0.390312,0.0,1.0,6,0
42,42,group,3,32,0.9375,0.242061,0.0,1.0,2,0
42,42,group,4,32,0.03125,0.173993,0.0,1.0,31,0
42,42,group,5,32,0.25,0.433013,0.0,1.0,24,0
42,42,group,6,32,0.21875,0.413399,0.0,1.0,25,0
42,42,group,7,32,0.9375,0.242061,0.0,1.0,2,0
42,42,step,,256,0.492188,0.499939,0.0,1.0,130,0
43,43,group,0,32,0.125,0.330719,0.0,1.0,28,0
43,43,group,1,32,0.90625,0.291481,0.0,1.0,3,0
43,43,group,2,32,0.9375,0.242061,0.0,1.0,2,0
43,43,group,3,32,0.03125,0.173993,0.0,1.0,31,0
43,43,group,4,32,0.46875,0.499022,0.0,1.0,17,0
43,43,group,5,32,0.78125,0.413399,0.0,1.0,7,0
43,43,group,6,32,0.96875,0.173993,0.0,1.0,1,0
43,43,group,7,32,0.9375,0.242061,0.0,1.0,2,0
43,43,step,,256,0.644531,0.478655,0.0,1.0,91,0
44,44,group,0,32,0.875,0.330719,0.0,1.0,4,0
44,44,group,1,32,0.34375,0.474959,0.0,1.0,21,0
44,44,group,2,32,0.96875,0.173993,0.0,1.0,1,0
44,44,group,3,32,0.84375,0.363092,0.0,1.0,5,0
44,44,group,4,32,0.75,0.433013,0.0,1.0,8,0
44,44,group,5,32,0.90625,0.291481,0.0,1.0,3,0
44,44,group,6,32,0.5,0.5,0.0,1.0,16,0
44,44,group,7,32,0.875,0.330719,0.0,1.0,4,0
44,44,step,,256,0.757812,0.428407,0.0,1.0,62,0
45,45,group,0,32,0.90625,0.291481,0.0,1.0,3,0
45,45,group,1,32,0.96875,0.173993,0.0,1.0,1,0
45,45,group,2,32,0.53125,0.499022,0.0,1.0,15,0
45,45,group,3,32,0.90625,0.291481,0.0,1.0,3,0
45,45,group,4,32,0.5625,0.496078,0.0,1.0,14,0
45,45,group,5,32,0.9375,0.242061,0.0,1.0,2,0
45,45,group,6,32,0.96875,0.173993,0.0,1.0,1,0
45,45,group,7,32,0.8125,0.390312,0.0,1.0,6,0
45,45,step,,256,0.824219,0.380634,0.0,1.0,45,0
46,46,group,0,32,0.65625,0.474959,0.0,1.0,11,0
46,46,group,1,32,0.96875,0.173993,0.0,1.0,1,0
46,46,group,2,32,0.8125,0.390312,0.0,1.0,6,0
46,46,group,3,32,0.96875,0.173993,0.0,1.0,1,0
46,46,group,4,32,0.125,0.330719,0.0,1.0,28,0
46,46,group,5,32,0.96875,0.173993,0.0,1.0,1,0
46,46,group,6,32,0.03125,0.173993,0.0,1.0,31,0
46,46,group,7,32,0.9375,0.242061,0.0,1.0,2,0
46,46,step,,256,0.683594,0.465073,0.0,1.0,81,0
47,47,group,0,32,0.15625,0.363092,0.0,1.0,27,0
47,47,group,1,32,0.875,0.330719,0.0,1.0,4,0
47,47,group,2,32,0.875,0.330719,0.0,1.0,4,0
47,47,group,3,32,0.96875,0.173993,0.0,1.0,1,0
47,47,group,4,32,0.09375,0.291481,0.0,1.0,29,0
47,47,group,5,32,0.84375,0.363092,0.0,1.0,5,0
47,47,group,6,32,0.9375,0.242061,0.0,1.0,2,0
47,47,group,7,32,0.96875,0.173993,0.0,1.0,1,0
47,47,step,,256,0.714844,0.451489,0.0,1.0,73,0
48,48,group,0,32,0.90625,0.291481,0.0,1.0,3,0
48,48,group,1,32,0.3125,0.463512,0.0,1.0,22,0
48,48,group,2,32,0.28125,0.449609,0.0,1.0,23,0
48,48,group,3,32,0.5625,0.496078,0.0,1.0,14,0
48,48,group,4,32,0.03125,0.173993,0.0,1.0,31,0
48,48,group,5,32,0.9375,0.242061,0.0,1.0,2,0
48,48,group,6,32,0.96875,0.173993,0.0,1.0,1,0
48,48,group,7,32,0.34375,0.474959,0.0,1.0,21,0
48,48,step,,256,0.542969,0.49815,0.0,1.0,117,0
49,49,group,0,32,0.875,0.330719,0.0,1.0,4,0
49,49,group,1,32,0.96875,0.173993,0.0,1.0,1,0
49,49,group,2,32,0.9375,0.242061,0.0,1.0,2,0
49,49,group,3,32,0.96875,0.173993,0.0,1.0,1,0
49,49,group,4,32,0.75,0.433013,0.0,1.0,8,0
49,49,group,5,32,0.71875,0.449609,0.0,1.0,9,0
49,49,group,6,32,0.8125,0.390312,0.0,1.0,6,0
49,49,group,7,32,0.6875,0.463512,0.0,1.0,10,0
49,49,step,,256,0.839844,0.366751,0.0,1.0,41,0
50,50,group,0,32,0.9375,0.242061,0.0,1.0,2,0
50,50,group,1,32,0.46875,0.499022,0.0,1.0,17,0
50,50,group,2,32,0.0625,0.242061,0.0,1.0,30,0
50,50,group,3,32,0.46875,0.499022,0.0,1.0,17,0
50,50,group,4,32,0.96875,0.173993,0.0,1.0,1,0
50,50,group,5,32,0.9375,0.242061,0.0,1.0,2,0
50,50,group,6,32,0.53125,0.499022,0.0,1.0,15,0
50,50,group,7,32,0.90625,0.291481,0.0,1.0,3,0
50,50,step,,256,0.660156,0.473656,0.0,1.0,87,0
51,51,group,0,32,0.4375,0.496078,0.0,1.0,18,0
51,51,group,1,32,0.84375,0.363092,0.0,1.0,5,0
51,51,group,2,32,0.9375,0.242061,0.0,1.0,2,0
51,51,group,3,32,0.84375,0.363092,0.0,1.0,5,0
51,51,group,4,32,0.9375,0.242061,0.0,1.0,2,0
51,51,group,5,32,0.28125,0.449609,0.0,1.0,23,0
51,51,group,6,32,0.46875,0.499022,0.0,1.0,17,0
51,51,group,7,32,0.875,0.330719,0.0,1.0,4,0
51,51,step,,256,0.703125,0.456881,0.0,1.0,76,0
52,52,group,0,32,0.96875,0.173993,0.0,1.0,1,0
52,52,group,1,32,0.9375,0.242061,0.0,1.0,2,0
52,52,group,2,32,0.875,0.330719,0.0,1.0,4,0
52,52,group,3,32,0.34375,0.474959,0.0,1.0,21,0
52,52,group,4,32,0.90625,0.291481,0.0,1.0,3,0
52,52,group,5,32,0.96875,0.173993,0.0,1.0,1,0
52,52,group,6,32,0.21875,0.413399,0.0,1.0,25,0
52,52,group,7,32,0.40625,0.491132,0.0,1.0,19,0
52,52,step,,256,0.703125,0.456881,0.0,1.0,76,0
53,53,group,0,32,0.96875,0.173993,0.0,1.0,1,0
53,53,group,1,32,0.75,0.433013,0.0,1.0,8,0
53,53,group,2,32,0.875,0.330719,0.0,1.0,4,0
53,53,group,3,32,0.75,0.433013,0.0,1.0,8,0
53,53,group,4,32,0.34375,0.474959,0.0,1.0,21,0
53,53,group,5,32,0.6875,0.463512,0.0,1.0,10,0
53,53,group,6,32,0.5625,0.496078,0.0,1.0,14,0
53,53,group,7,32,0.5625,0.496078,0.0,1.0,14,0
53,53,step,,256,0.6875,0.463512,0.0,1.0,80,0
54,54,group,0,32,0.78125,0.413399,0.0,1.0,7,0
54,54,group,1,32,0.8125,0.390312,0.0,1.0,6,0
54,54,group,2,32,0.625,0.484123,0.0,1.0,12,0
54,54,group,3,32,0.28125,0.449609,0.0,1.0,23,0
54,54,group,4,32,0.90625,0.291481,0.0,1.0,3,0
54,54,group,5,32,0.25,0.433013,0.0,1.0,24,0
54,54,group,6,32,0.875,0.330719,0.0,1.0,4,0
54,54,group,7,32,0.9375,0.242061,0.0,1.0,2,0
54,54,step,,256,0.683594,0.465073,0.0,1.0,81,0
55,55,group,0,32,0.9375,0.242061,0.0,1.0,2,0
55,55,group,1,32,0.96875,0.173993,0.0,1.0,1,0
55,55,group,2,32,0.1875,0.390312,0.0,1.0,26,0
55,55,group,3,32,0.90625,0.291481,0.0,1.0,3,0
55,55,group,4,32,0.90625,0.291481,0.0,1.0,3,0
55,55,group,5,32,0.8125,0.390312,0.0,1.0,6,0
55,55,group,6,32,0.28125,0.449609,0.0,1.0,23,0
55,55,group,7,32,0.5625,0.496078,0.0,1.0,14,0
55,55,step,,256,0.695312,0.460275,0.0,1.0,78,0
56,56,group,0,32,0.65625,0.474959,0.0,1.0,11,0
56,56,group,1,32,0.4375,0.496078,0.0,1.0,18,0
56,56,group,2,32,0.6875,0.463512,0.0,1.0,10,0
56,56,group,3,32,0.21875,0.413399,0.0,1.0,25,0
56,56,group,4,32,0.78125,0.413399,0.0,1.0,7,0
56,56,group,5,32,0.3125,0.463512,0.0,1.0,22,0
56,56,group,6,32,0.625,0.484123,0.0,1.0,12,0
56,56,group,7,32,0.78125,0.413399,0.0,1.0,7,0
56,56,step,,256,0.5625,0.496078,0.0,1.0,112,0
57,57,group,0,32,0.65625,0.474959,0.0,1.0,11,0
57,57,group,1,32,0.03125,0.173993,0.0,1.0,31,0
57,57,group,2,32,0.75,0.433013,0.0,1.0,8,0
57,57,group,3,32,0.46875,0.499022,0.0,1.0,17,0
57,57,group,4,32,0.03125,0.173993,0.0,1.0,31,0
57,57,group,5,32,0.6875,0.463512,0.0,1.0,10,0
57,57,group,6,32,0.09375,0.291481,0.0,1.0,29,0
57,57,group,7,32,0.46875,0.499022,0.0,1.0,17,0
57,57,step,,256,0.398438,0.489576,0.0,1.0,154,0
58,58,group,0,32,0.71875,0.449609,0.0,1.0,9,0
58,58,group,1,32,0.1875,0.390312,0.0,1.0,26,0
58,58,group,2,32,0.59375,0.491132,0.0,1.0,13,0
58,58,group,3,32,0.34375,0.474959,0.0,1.0,21,0
58,58,group,4,32,0.9375,0.242061,0.0,1.0,2,0
58,58,group,5,32,0.03125,0.173993,0.0,1.0,31,0
58,58,group,6,32,0.25,0.433013,0.0,1.0,24,0
58,58,group,7,32,0.84375,0.363092,0.0,1.0,5,0
58,58,step,,256,0.488281,0.499863,0.0,1.0,131,0
59,59,group,0,32,0.9375,0.242061,0.0,1.0,2,0
59,59,group,1,32,0.65625,0.474959,0.0,1.0,11,0
59,59,group,2,32,0.875,0.330719,0.0,1.0,4,0
59,59,group,3,32,0.875,0.330719,0.0,1.0,4,0
59,59,group,4,32,0.59375,0.491132,0.0,1.0,13,0
59,59,group,5,32,0.875,0.330719,0.0,1.0,4,0
59,59,group,6,32,0.5,0.5,0.0,1.0,16,0
59,59,group,7,32,0.90625,0.291481,0.0,1.0,3,0
59,59,step,,256,0.777344,0.416029,0.0,1.0,57,0
60,60,group,0,32,0.90625,0.291481,0.0,1.0,3,0
60,60,group,1,32,0.46875,0.499022,0.0,1.0,17,0
60,60,group,2,32,0.8125,0.390312,0.0,1.0,6,0
60,60,group,3,32,0.1875,0.390312,0.0,1.0,26,0
60,60,group,4,32,0.71875,0.449609,0.0,1.0,9,0
60,60,group,5,32,0.9375,0.242061,0.0,1.0,2,0
60,60,group,6,32,0.9375,0.242061,0.0,1.0,2,0
60,60,group,7,32,0.9375,0.242061,0.0,1.0,2,0
60,60,step,,256,0.738281,0.43957,0.0,1.0,67,0
61,61,group,0,32,0.34375,0.474959,0.0,1.0,21,0
61,61,group,1,32,0.875,0.330719,0.0,1.0,4,0
61,61,group,2,32,0.875,0.330719,0.0,1.0,4,0
61,61,group,3,32,0.6875,0.463512,0.0,1.0,10,0
61,61,group,4,32,0.875,0.330719,0.0,1.0,4,0
61,61,group,5,32,0.40625,0.491132,0.0,1.0,19,0
61,61,group,6,32,0.46875,0.499022,0.0,1.0,17,0
61,61,group,7,32,0.9375,0.242061,0.0,1.0,2,0
61,61,step,,256,0.683594,0.465073,0.0,1.0,81,0
62,62,group,0,32,0.34375,0.474959,0.0,1.0,21,0
62,62,group,1,32,0.8125,0.390312,0.0,1.0,6,0
62,62,group,2,32,0.90625,0.291481,0.0,1.0,3,0
62,62,group,3,32,0.75,0.433013,0.0,1.0,8,0
62,62,group,4,32,0.71875,0.449609,0.0,1.0,9,0
62,62,group,5,32,0.90625,0.291481,0.0,1.0,3,0
62,62,group,6,32,0.6875,0.463512,0.0,1.0,10,0
62,62,group,7,32,0.8125,0.390312,0.0,1.0,6,0
62,62,step,,256,0.742188,0.43743,0.0,1.0,66,0
63,63,group,0,32,0.96875,0.173993,0.0,1.0,1,0
63,63,group,1,32,0.03125,0.173993,0.0,1.0,31,0
63,63,group,2,32,0.46875,0.499022,0.0,1.0,17,0
63,63,group,3,32,0.53125,0.499022,0.0,1.0,15,0
63,63,group,4,32,0.09375,0.291481,0.0,1.0,29,0
63,63,group,5,32,0.03125,0.173993,0.0,1.0,31,0
63,63,group,6,32,0.0625,0.242061,0.0,1.0,30,0
63,63,group,7,32,0.53125,0.499022,0.0,1.0,15,0
63,63,step,,256,0.339844,0.473656,0.0,1.0,169,0
64,64,group,0,32,0.9375,0.242061,0.0,1.0,2,0
64,64,group,1,32,0.09375,0.291481,0.0,1.0,29,0
64,64,group,2,32,0.0625,0.242061,0.0,1.0,30,0
64,64,group,3,32,0.09375,0.291481,0.0,1.0,29,0
64,64,group,4,32,0.90625,0.291481,0.0,1.0,3,0
64,64,group,5,32,0.9375,0.242061,0.0,1.0,2,0
64,64,group,6,32,0.84375,0.363092,0.0,1.0,5,0
64,64,group,7,32,0.5,0.5,0.0,1.0,16,0
64,64,step,,256,0.546875,0.497798,0.0,1.0,116,0
65,65,group,0,32,0.40625,0.491132,0.0,1.0,19,0
65,65,group,1,32,0.96875,0.173993,0.0,1.0,1,0
65,65,group,2,32,0.25,0.433013,0.0,1.0,24,0
65,65,group,3,32,0.1875,0.390312,0.0,1.0,26,0
65,65,group,4,32,0.625,0.484123,0.0,1.0,12,0
65,65,group,5,32,0.65625,0.474959,0.0,1.0,11,0
65,65,group,6,32,0.90625,0.291481,0.0,1.0,3,0
65,65,group,7,32,0.875,0.330719,0.0,1.0,4,0
65,65,step,,256,0.609375,0.48789,0.0,1.0,100,0
66,66,group,0,32,0.28125,0.449609,0.0,1.0,23,0
66,66,group,1,32,0.65625,0.474959,0.0,1.0,11,0
66,66,group,2,32,0.28125,0.449609,0.0,1.0,23,0
66,66,group,3,32,0.5,0.5,0.0,1.0,16,0
66,66,group,4,32,0.84375,0.363092,0.0,1.0,5,0
66,66,group,5,32,0.75,0.433013,0.0,1.0,8,0
66,66,group,6,32,0.78125,0.413399,0.0,1.0,7,0
66,66,group,7,32,0.84375,0.363092,0.0,1.0,5,0
66,66,step,,256,0.617188,0.486073,0.0,1.0,98,0
67,67,group,0,32,0.6875,0.463512,0.0,1.0,10,0
67,67,group,1,32,0.125,0.330719,0.0,1.0,28,0
67,67,group,2,32,0.8125,0.390312,0.0,1.0,6,0
67,67,group,3,32,0.65625,0.474959,0.0,1.0,11,0
67,67,group,4,32,0.875,0.330719,0.0,1.0,4,0
67,67,group,5,32,0.90625,0.291481,0.0,1.0,3,0
67,67,group,6,32,0.4375,0.496078,0.0,1.0,18,0
67,67,group,7,32,0.875,0.330719,0.0,1.0,4,0
67,67,step,,256,0.671875,0.469531,0.0,1.0,84,0
68,68,group,0,32,0.71875,0.449609,0.0,1.0,9,0
68,68,group,1,32,0.875,0.330719,0.0,1.0,4,0
68,68,group,2,32,0.9375,0.242061,0.0,1.0,2,0
68,68,group,3,32,0.96875,0.173993,0.0,1.0,1,0
68,68,group,4,32,0.125,0.330719,0.0,1.0,28,0
68,68,group,5,32,0.75,0.433013,0.0,1.0,8,0
68,68,group,6,32,0.90625,0.291481,0.0,1.0,3,0
68,68,group,7,32,0.03125,0.173993,0.0,1.0,31,0
68,68,step,,256,0.664062,0.472317,0.0,1.0,86,0
69,69,group,0,32,0.9375,0.242061,0.0,1.0,2,0
69,69,group,1,32,0.6875,0.463512,0.0,1.0,10,0
69,69,group,2,32,0.9375,0.242061,0.0,1.0,2,0
69,69,group,3,32,0.4375,0.496078,0.0,1.0,18,0
69,69,group,4,32,0.125,0.330719,0.0,1.0,28,0
69,69,group,5,32,0.8125,0.390312,0.0,1.0,6,0
69,69,group,6,32,0.65625,0.474959,0.0,1.0,11,0
69,69,group,7,32,0.8125,0.390312,0.0,1.0,6,0
69,69,step,,256,0.675781,0.468082,0.0,1.0,83,0
70,70,group,0,32,0.0625,0.242061,0.0,1.0,30,0
70,70,group,1,32,0.8125,0.390312,0.0,1.0,6,0
70,70,group,2,32,0.90625,0.291481,0.0,1.0,3,0
70,70,group,3,32,0.84375,0.363092,0.0,1.0,5,0
70,70,group,4,32,0.9375,0.242061,0.0,1.0,2,0
70,70,group,5,32,0.96875,0.173993,0.0,1.0,1,0
70,70,group,6,32,0.84375,0.363092,0.0,1.0,5,0
70,70,group,7,32,0.96875,0.173993,0.0,1.0,1,0
70,70,step,,256,0.792969,0.405178,0.0,1.0,53,0
71,71,group,0,32,0.71875,0.449609,0.0,1.0,9,0
71,71,group,1,32,0.9375,0.242061,0.0,1.0,2,0
71,71,group,2,32,0.34375,0.474959,0.0,1.0,21,0
71,71,group,3,32,0.34375,0.474959,0.0,1.0,21,0
71,71,group,4,32,0.96875,0.173993,0.0,1.0,1,0
71,71,group,5,32,0.96875,0.173993,0.0,1.0,1,0
71,71,group,6,32,0.96875,0.173993,0.0,1.0,1,0
71,71,group,7,32,0.96875,0.173993,0.0,1.0,1,0
71,71,step,,256,0.777344,0.416029,0.0,1.0,57,0
72,72,group,0,32,0.25,0.433013,0.0,1.0,24,0
72,72,group,1,32,0.625,0.484123,0.0,1.0,12,0
72,72,group,2,32,0.96875,0.173993,0.0,1.0,1,0
72,72,group,3,32,0.53125,0.499022,0.0,1.0,15,0
72,72,group,4,32,0.84375,0.363092,0.0,1.0,5,0
72,72,group,5,32,0.96875,0.173993,0.0,1.0,1,0
72,72,group,6,32,0.96875,0.173993,0.0,1.0,1,0
72,72,group,7,32,0.96875,0.173993,0.0,1.0,1,0
72,72,step,,256,0.765625,0.423608,0.0,1.0,60,0
73,73,group,0,32,0.34375,0.474959,0.0,1.0,21,0
73,73,group,1,32,0.1875,0.390312,0.0,1.0,26,0
73,73,group,2,32,0.8125,0.390312,0.0,1.0,6,0
73,73,group,3,32,0.15625,0.363092,0.0,1.0,27,0
73,73,group,4,32,0.75,0.433013,0.0,1.0,8,0
73,73,group,5,32,0.96875,0.173993,0.0,1.0,1,0
73,73,group,6,32,0.1875,0.390312,0.0,1.0,26,0
73,73,group,7,32,0.46875,0.499022,0.0,1.0,17,0
73,73,step,,256,0.484375,0.499756,0.0,1.0,132,0
74,74,group,0,32,0.96875,0.173993,0.0,1.0,1,0
74,74,group,1,32,0.96875,0.173993,0.0,1.0,1,0
74,74,group,2,32,0.6875,0.463512,0.0,1.0,10,0
74,74,group,3,32,0.78125,0.413399,0.0,1.0,7,0
74,74,group,4,32,0.03125,0.173993,0.0,1.0,31,0
74,74,group,5,32,0.96875,0.173993,0.0,1.0,1,0
74,74,group,6,32,0.96875,0.173993,0.0,1.0,1,0
74,74,group,7,32,0.8125,0.390312,0.0,1.0,6,0
74,74,step,,256,0.773438,0.418607,0.0,1.0,58,0
75,75,group,0,32,0.9375,0.242061,0.0,1.0,2,0
75,75,group,1,32,0.875,0.330719,0.0,1.0,4,0
75,75,group,2,32,0.03125,0.173993,0.0,1.0,31,0
75,75,group,3,32,0.71875,0.449609,0.0,1.0,9,0
75,75,group,4,32,0.96875,0.173993,0.0,1.0,1,0
75,75,group,5,32,0.90625,0.291481,0.0,1.0,3,0
75,75,group,6,32,0.03125,0.173993,0.0,1.0,31,0
75,75,group,7,32,0.84375,0.363092,0.0,1.0,5,0
75,75,step,,256,0.664062,0.472317,0.0,1.0,86,0
76,76,group,0,32,0.5625,0.496078,0.0,1.0,14,0
76,76,group,1,32,0.8125,0.390312,0.0,1.0,6,0
76,76,group,2,32,0.46875,0.499022,0.0,1.0,17,0
76,76,group,3,32,0.84375,0.363092,0.0,1.0,5,0
76,76,group,4,32,0.875,0.330719,0.0,1.0,4,0
76,76,group,5,32,0.9375,0.242061,0.0,1.0,2,0
76,76,group,6,32,0.0625,0.242061,0.0,1.0,30,0
76,76,group,7,32,0.90625,0.291481,0.0,1.0,3,0
76,76,step,,256,0.683594,0.465073,0.0,1.0,81,0
77,77,group,0,32,0.90625,0.291481,0.0,1.0,3,0
77,77,group,1,32,0.40625,0.491132,0.0,1.0,19,0
77,77,group,2,32,0.90625,0.291481,0.0,1.0,3,0
77,77,group,3,32,0.65625,0.474959,0.0,1.0,11,0
77,77,group,4,32,0.9375,0.242061,0.0,1.0,2,0
77,77,group,5,32,0.25,0.433013,0.0,1.0,24,0
77,77,group,6,32,0.03125,0.173993,0.0,1.0,31,0
77,77,group,7,32,0.875,0.330719,0.0,1.0,4,0
77,77,step,,256,0.621094,0.485115,0.0,1.0,97,0
